signal_id,date,source_type,source_name,source_url,title,summary,theme,tickers_mentioned,mapped_tickers,mapped_a_shares,evidence_strength,confidence,created_at
365ed4c2b4702223,2026-08-17,official,NVIDIA Blog,https://blogs.nvidia.com/blog/securing-the-infrastructure-of-intelligence/,Securing the Infrastructure of Intelligence,"AI factories are the defining infrastructure of the AI era — where compute transforms energy and data into intelligence that powers every business, industry and country. In the AI economy, compute is revenue. AI factories require a full stack of critical resources: advanced chips, packaging, memory, and networking — as well as land, power and […]",AI PCB and advanced packaging; Rack-scale AI factory,INTC,AMKR; ANET; ASML; AVGO; CRDO; DELL; ETN; HPE; INTC; MRVL; NVDA; SMCI; TSM; VRT,002436.SZ; 002463.SZ; 002916.SZ; 300476.SZ; 600183.SS; 603228.SS; 688300.SS; 000938.SZ; 000977.SZ; 002028.SZ; 002156.SZ; 002371.SZ; 002409.SZ; 002837.SZ; 002851.SZ; 300054.SZ; 300236.SZ; 300346.SZ; 300499.SZ; 300602.SZ; 300604.SZ; 300666.SZ; 300870.SZ; 300990.SZ,94,95,2026-08-17T13:51:49.734235+00:00
a6bf522f27308172,2026-08-17,news,Google News: co-packaged optics AI data center CPO,https://news.google.com/rss/articles/CBMirgFBVV95cUxPUWxCLU5xaDRfcFlYVklqU2h1b1dpcV9nZVFlRXZEYkQyVHJfbDNmT1Vaa3VtLTI1VW9JaDFJWFR4bWJTNHNucDNuMGQ4T2tWRHRpQ3pFX1JGX2hNNmEzdXFfVUFZdXAtdmR1VUZSaWlVQzFCelYxdEoxM2M5d0dLNlVLbGZtc3VyeFhZaDItZDdJZ0hvMW9mZTVBMkdUZTRiZXRDQUQ5cTFySFBNQWc?oc=5,"CPO, the new frontrunner in AI infrastructure, kicks into high gear. Which related companies in the optical component supply chain are drawing attention? - Moomoo","CPO, the new frontrunner in AI infrastructure, kicks into high gear. Which related companies in the optical component supply chain are drawing attention? Moomoo",CPO and optical interconnect; Rack-scale AI factory,,ANET; CIEN; COHR; CRDO; DELL; ETN; FN; GLW; HPE; LITE; MRVL; NVDA; SMCI; VRT,000988.SZ; 300308.SZ; 300502.SZ; 000938.SZ; 000977.SZ; 002028.SZ; 002281.SZ; 002463.SZ; 002837.SZ; 002851.SZ; 002916.SZ; 300394.SZ; 300476.SZ; 300499.SZ; 300602.SZ; 300870.SZ; 300990.SZ; 301018.SZ; 600183.SS; 601138.SS; 603228.SS; 688041.SS; 688256.SS; 688498.SS,68,86,2026-08-17T13:51:49.734235+00:00
bd61668fc67f5e6f,2026-08-17,news,Google News: AI data center liquid cooling power,https://news.google.com/rss/articles/CBMitAFBVV95cUxOR2VrUXpXa05mZXdjMU82Q1JWOUJHeEdzSzhKMjhPTFVFLWtEX29Da01vbHl6TjNCNHhBT1d2Ml92Vkw4NXVrZGxkUGEwWGxHdGk2SzNTMDVXOTZ6aGRvblQzV0FfNGZ6WS1oYWw1Z3pWUUN0Ni1hRkFiSjgzUzZjSTJGSDRvSmY4Y0hHLVlTS2ZFSHZRSHFGa1FhT2lzajFmUFpiWlBLZFl6WDNuWDNabFAxelE?oc=5,"Trane Technologies, Eaton unveil power and cooling design for AI data centers (TT:NYSE) - Seeking Alpha","Trane Technologies, Eaton unveil power and cooling design for AI data centers (TT:NYSE) Seeking Alpha",AI data center power and cooling,ETN,BE; CAT; CEG; CVX; ETN; FLNC; GEV; LNG; NEE; OKLO; SMR; VRT,002028.SZ; 002837.SZ; 002851.SZ; 003816.SZ; 300499.SZ; 300602.SZ; 300870.SZ; 300990.SZ; 301018.SZ; 600875.SS; 601985.SS; 688676.SS; 920808.BJ,64,78,2026-08-17T13:51:49.734235+00:00
1142bf76e9e59933,2026-08-17,news,Google News: AI data center liquid cooling power,https://news.google.com/rss/articles/CBMitgFBVV95cUxPTkdmY1pqWGJrSDdaaWhhNnkyeV9kLXdxZEQ0UjVjYjg1QmtxaVU2QnBMSC1GY04yWjIyVEZnb1ljd3BXRl9HTFFoc3NaNnI2NGp1NENRYVo0SHB5U0R1NE5xbWEzQ3pyTVo5Vkh2MHJ6ZmdTMHJERmVDN1BtdWFMbHdYbGVHN181R2VpM3pSS0IwZTA5ZzhIeGVtd1ZhTnpFWmQ5bmg0Unp2cFpyc3RWeFVxVmFnZw?oc=5,Trinity Biotech (TRIB) makes AI data-center cooling push - Stock Titan,Trinity Biotech (TRIB) makes AI data-center cooling push Stock Titan,AI data center power and cooling,,BE; CAT; CEG; CVX; ETN; FLNC; GEV; LNG; NEE; OKLO; SMR; VRT,002028.SZ; 002837.SZ; 002851.SZ; 003816.SZ; 300499.SZ; 300602.SZ; 300870.SZ; 300990.SZ; 301018.SZ; 600875.SS; 601985.SS; 688676.SS; 920808.BJ,64,78,2026-08-17T13:51:49.734235+00:00
b47271334842b99d,2026-08-17,news,Google News: co-packaged optics AI data center CPO,https://news.google.com/rss/articles/CBMiqgNBVV95cUxPVXphMGU4T09TU1NWZkR5RFlmN2U2Ylh3YjBzeW9HaXMyTDFTOFNSdFE3VU52VXZFVlNoZ3NMVVJzM0kyZjRQMk84cFAySU1uVk5vVVFCcDdkMVA5V2hHVGxXMEZVelI2bG1vYzFGRlBhd21iLVgzVG4ydFlvOUk3MHZmZzJqcnpjUnhLd0Q1TnFnLXlNbEJyaDFzNUhWazV5eFAxdUtQMXRxT3FWdWhPMkQzRjJSRGh1ZnlPNDJwREZIZGs0MnZRd1phQzRBUjJTMVBxU3Uybjk3RjdaM0ZJMS1pY1F6Skh3azdFUlZWM1dPQlBKX0kyTkRPeXM4TUdpQ1lZekphVGlIVDRsTmZfM2hJT3FaZW9yRU52TXlsZE5BZTZNc255V0tscERfYlN6RGh1X3Awb0pSVDZFekxDTTBPVGJZdXJna01RZEl2RVJMR1NlcU…,"AI data center optical interconnect market to hit $144 billion by 2030, an over ten-fold increase from 2024 figures, according to new projections — silicon photonics expected to account for nearly two-thirds of revenue, driven by co-packag…","AI data center optical interconnect market to hit $144 billion by 2030, an over ten-fold increase from 2024 figures, according to new projections — silicon photonics expected to account for nearly two-thirds of revenue, driven by co-packaged optics Tom's Hardware",CPO and optical interconnect,,ANET; CIEN; COHR; CRDO; FN; GLW; LITE; MRVL; NVDA,000988.SZ; 300308.SZ; 300502.SZ; 000938.SZ; 002281.SZ; 002463.SZ; 300394.SZ; 688041.SS; 688256.SS; 688498.SS,64,78,2026-08-17T13:51:49.734235+00:00
3a987fce52c372d3,2026-08-17,news,Google News: US domestic semiconductor supply chain advanced packaging materials equipment,https://news.google.com/rss/articles/CBMioAFBVV95cUxNMlVDbUxJMVdsd0hFTXZQb3hOSVBVc1d5bWR6NFhrQnhmRjlQWUhUVWtfOE1iXzZZajlwYlpvdjZjMnJ6Y3FteGNGY2Q0TWh1djFCSjVqeGc0TjEzWjF5N2ZMMkVUNUpybFJTbEdXN3FRTlo2M19QX3VaVXlzOUNlZkJTWHh4Uld5VzFzV1Z6RWNELS10TGIxN3B6V1ltMlB30gGgAUFVX3lxTE0yVUNtTEkxV2x3SEVNdlBveE5JUFVzV3ltZHo0WGtCeGZGOVBZSFRVa184TWJfNllqOXBiWm92NmMycnpjcW14Y0ZjZDRNaHV2MUJKNWp4ZzROMTNaMXk3ZkwyRVQ1SnJsUlNsR1c3cVFOWjYzX1BfdVpVeXM5Q2VmQlNYeHhSV3lXMXNXVnpFY0QtLXRMYjE3cHpXWW0yUHc?oc=5,Semiconductor and AI revolution: Powering the future - dqindia.com,Semiconductor and AI revolution: Powering the future dqindia.com,Semiconductor materials and consumables,,AMAT; ENTG; INTC; LRCX; Q; TSM,300054.SZ; 688019.SS; 688120.SS; 002409.SZ; 002436.SZ; 002916.SZ; 300236.SZ; 300346.SZ; 300666.SZ; 600206.SS; 688106.SS; 688268.SS; 688300.SS; 688535.SS,62,78,2026-08-17T13:51:49.734235+00:00
da7a390b066c5160,2026-08-17,news,Google News: physical AI robotics world model,https://news.google.com/rss/articles/CBMiiwFBVV95cUxNWVVpT3pjbnlLOVJYU0tsM0YyQXpEdHVrM1hjWFdMNERDa2NXT3dvM0FYSFVGdmRTbDNVX3VBeW9USGstcFRaQ1RZa1F3X0pwanhtVHVCT0hnaHJVQ1J5U1F6UHY5bWlvYi01SWFLZ2JhbW0xbU5hSW9UM290cG9aV0gwV2pCdndSeUJj?oc=5,Gravis Robotics raises $200M for autonomous construction - The Robot Report,Gravis Robotics raises $200M for autonomous construction The Robot Report,Physical AI and robotics,,ISRG; NVDA; ROK; TER; TSLA,002050.SZ; 601689.SS; 688041.SS; 688256.SS; 600111.SS; 000657.SZ; 300124.SZ; 688017.SS; 688322.SS,61,75,2026-08-17T13:51:49.734235+00:00
a75a670d2243d50e,2026-08-16,news,Google News: AI data center liquid cooling power,https://news.google.com/rss/articles/CBMirwFBVV95cUxNbUNFQVpBQkN2anBhZ0RNbURvbDF0RmFDT3o4d1BSLVJmMHdKQW5WM0VnYUtza3BWaWlvU1MwMF9EaWdNZnN1dHp2OThqb1Z1Tjc5Zzd0aXNJZ1NkbDl6VUhQMTNGdTNvZUZWVDluMFVleklYZlNUcHh3NjllQ3BBR0ZkcHJxcWlwYnFhNk94czlzdTAtRUF3MlM0dmJvRnBGVGFTb0JpM1Z1YVVGb3BR?oc=5,Planning liquid cooling for new AI data center builds in India - datacenterdynamics.com,Planning liquid cooling for new AI data center builds in India datacenterdynamics.com,AI data center power and cooling,,BE; CAT; CEG; CVX; DELL; ETN; FLNC; GEV; LNG; NEE; OKLO; SMCI; SMR; VRT,000938.SZ; 000977.SZ; 002028.SZ; 002463.SZ; 002837.SZ; 002851.SZ; 002916.SZ; 003816.SZ; 300476.SZ; 300499.SZ; 300602.SZ; 300870.SZ; 300990.SZ; 301018.SZ; 600183.SS; 600875.SS; 601138.SS; 601985.SS; 603228.SS; 688676.SS; 920808.BJ,64,78,2026-08-17T13:51:49.734235+00:00
e4809ee569374d02,2026-08-16,news,Google News: AI data center liquid cooling power,https://news.google.com/rss/articles/CBMioAFBVV95cUxOUWN2VWF3Ulp3T2tVX0pVUm1QSU90eXlJcW5kZTBqUkt5enhaTWVMRFdnVi04bnlkMW5BT3J0d21tb0xSU1VPQ0s2S1ZKU3Vxa05XampVY1FkeF9nSG1zUFlBcW5IRkJBcFVnVk5IUFZicFd3aTl6cmk2WmFNa3dpdFVsSmxoa2tRbnlkQVRhUWpmREJxdDJPM0ZlUnhOWC1y?oc=5,Data Center Cooling CDU Pump Market to Reach USD 1.84 Billion by 2032 - Refindustry,Data Center Cooling CDU Pump Market to Reach USD 1.84 Billion by 2032 Refindustry,AI data center power and cooling,,BE; CAT; CEG; CVX; ETN; FLNC; GEV; LNG; NEE; OKLO; SMR; VRT,002028.SZ; 002837.SZ; 002851.SZ; 003816.SZ; 300499.SZ; 300602.SZ; 300870.SZ; 300990.SZ; 301018.SZ; 600875.SS; 601985.SS; 688676.SS; 920808.BJ,64,78,2026-08-17T13:51:49.734235+00:00
b56aa5507262f906,2026-08-16,news,Google News: AI data center liquid cooling power,https://news.google.com/rss/articles/CBMiigFBVV95cUxQYVdZYUJSSzE2N1JQcXlPNHNDb01VbGJka0VOcDFXOW5FTzJ4V0VPcHdlcHdqWUFJMDBpVkVuUEM1Z1pwTWhTSXZqWDNjNVJhR0pkaVpPdk5ET0Y0ZGotcUFlWTh1UWlKOURwNUZWQnc0OHFzSjYtZHdpV0h1QnpJWk8yZWRHclZRSFE?oc=5,Vertiv’s AI Opportunity Gains Recognition as Power and Cooling Become the Next Bottlenecks - Dr. Robert Castellano's Semiconductor Deep Dive Newsletter,Vertiv’s AI Opportunity Gains Recognition as Power and Cooling Become the Next Bottlenecks Dr. Robert Castellano's Semiconductor Deep Dive Newsletter,AI data center power and cooling,,BE; CAT; CEG; CVX; ETN; FLNC; GEV; LNG; NEE; OKLO; SMR; VRT,002028.SZ; 002837.SZ; 002851.SZ; 003816.SZ; 300499.SZ; 300602.SZ; 300870.SZ; 300990.SZ; 301018.SZ; 600875.SS; 601985.SS; 688676.SS; 920808.BJ,64,78,2026-08-17T13:51:49.734235+00:00
ab6f8695ac59cd84,2026-08-16,news,Google News: HBM AI server storage memory bandwidth,https://news.google.com/rss/articles/CBMirwFBVV95cUxNT19BRm5hYVBXM1FzeUNUTlgxYldCeXpCcVE5WFZ0bjIxMmdnN2JDYmQ0dlBDMzdiYmJTRVpqVjllTTc1Z1EweHhIRm50U0wtclhKTDR2ZGVnNmpxeFE3TGxTMFE2dzNHUFR2bDI3V1hnX1VTZnNPYzdCYW5fTlJiN1dwZjJQUm5LbTl4MUNIR3JlY1dUc2tMem42WGItc2IzNlVFQ1N0Z2tvTFNKaXNj?oc=5,2026 FMS Shows Storage And Memory Market Continued Growth - Forbes,2026 FMS Shows Storage And Memory Market Continued Growth Forbes,HBM memory and context storage,,AMD; MU; NTAP; NVDA; PSTG; SNDK; STX; WDC,001309.SZ; 301308.SZ; 603986.SS; 688535.SS; 000021.SZ; 002156.SZ; 002409.SZ; 300604.SZ; 688019.SS; 688041.SS; 688256.SS; 688300.SS; 688525.SS; 002436.SZ,64,78,2026-08-17T13:51:49.734235+00:00
f6af3e2720eb7f99,2026-08-15,news,Google News: US domestic semiconductor supply chain advanced packaging materials equipment,https://news.google.com/rss/articles/CBMi7wFBVV95cUxQLVB3NGdqMXpYcGNVUU1yOGRxczN5ZnBncXdwVGdDWkpaSjhhV2paTVVVb2k2LTZsNVczQjVDX1BBY2dCZmRvTU5VcXBMSmJMQXl5VVJvMWdLYTNhWld5aUdQLUM3R3YxZ3k5cWtlWE5oT1dXTE84Qks2MWZBWlpkRmpXZTBNeHBuU2YxLVpTVnZDY1QzcEx6ZUlWSUhXdzJrZ2xjaC1JNngwMDRja3ZLYTdjQ3VRbVhfRHpRMjNyTWFDN0ZqNFdXY2txa2FUd2lQek05RDRiMEwzUDFJQTc4a1VoVW5DRlh0TG84SE85MA?oc=5,"AMAT, AVGO Expand AI Supply Chain Push With New Packaging Technology Partnership - Stocktwits","AMAT, AVGO Expand AI Supply Chain Push With New Packaging Technology Partnership Stocktwits",AI PCB and advanced packaging; Semiconductor materials and consumables,AMAT; AVGO,AMAT; AMKR; ANET; ASML; AVGO; DELL; ENTG; INTC; LRCX; MRVL; NVDA; Q; TSM,002436.SZ; 002463.SZ; 002916.SZ; 300054.SZ; 300476.SZ; 600183.SS; 603228.SS; 688019.SS; 688120.SS; 688300.SS; 000938.SZ; 000977.SZ; 002156.SZ; 002371.SZ; 002409.SZ; 300236.SZ; 300346.SZ; 300604.SZ; 300666.SZ; 300870.SZ; 600206.SS; 601138.SS; 688012.SS; 688041.SS,68,86,2026-08-17T13:51:49.734235+00:00
f090f7460e2b9cbc,2026-08-15,news,Google News: US domestic semiconductor supply chain advanced packaging materials equipment,https://news.google.com/rss/articles/CBMiywFBVV95cUxOZ3JqWkw3aldjUWJJcXhYY002UmgxNzZaM25ZLUJPQUwyQkFvN2ZRYUhVeG5UNlVHTmJsMmFxUUU4aTZhdnhyTGdqU3dHQWxubmtqajFMYXNzZ1lMMk5DdDEyQW9BWV9oVmlmcXlBSEptU3FlWmpjUzlSa2R0bVBQMGxJU0MtdFpzc2xCeUZkUWVaOWt2R2VNTTYyYUZXLUpPVWxORkFPSnJoTjA1ekdNWDU5MFJGTUg3ZVVtbXFqeE1TRGxrRk5SenN1VQ?oc=5,SK Hynix Scouts US Wafer Sites as Chipflation Threatens Device Prices Worldwide - Tech Times,SK Hynix Scouts US Wafer Sites as Chipflation Threatens Device Prices Worldwide Tech Times,Semiconductor equipment and manufacturing; Semiconductor materials and consumables,,AMAT; AMKR; ASML; ENTG; INTC; KLAC; LRCX; Q; TSM; VECO,300054.SZ; 688019.SS; 688120.SS; 002156.SZ; 002371.SZ; 002409.SZ; 002436.SZ; 002916.SZ; 300236.SZ; 300346.SZ; 300604.SZ; 300666.SZ; 600206.SS; 688012.SS; 688072.SS; 688106.SS; 688268.SS; 688300.SS; 688535.SS,68,86,2026-08-17T13:51:49.734235+00:00
c29f738ca5b1a15c,2026-08-15,news,Google News: co-packaged optics AI data center CPO,https://news.google.com/rss/articles/CBMipAFBVV95cUxNbmhFbmQ3WE5MQXQ1cmtwendpMXVmdnlVSGpGZkR5WFBKVVRxOXNJRWxLZmRTMFJZZnVRazI5RnI2YkRxM2tMNWI4dHZVS3dRVG1lVzFKbUNOTENuazB2SzZQQ1M2VGJkOTRESWV3aTFUWnF5UGJhUU16UUplZTgzX3VqR05BMHpyV3lObDFabHE3Yk9xdnRkWlBIRk5IbnliU2J3Qw?oc=5,Nvidia Is Looking to Own Another Layer of the AI Ecosystem - 24/7 Wall St.,Nvidia Is Looking to Own Another Layer of the AI Ecosystem 24/7 Wall St.,CPO and optical interconnect,NVDA,ANET; CIEN; COHR; CRDO; FN; GLW; LITE; MRVL; NVDA,000988.SZ; 300308.SZ; 300502.SZ; 000938.SZ; 002281.SZ; 002463.SZ; 300394.SZ; 688041.SS; 688256.SS; 688498.SS,64,78,2026-08-17T13:51:49.734235+00:00
3b613198df9e58f3,2026-08-15,news,Google News: HBM AI server storage memory bandwidth,https://news.google.com/rss/articles/CBMixwFBVV95cUxPN0VuaWY0eC1WbTBiaUYzMFp5cWxGbUl5X0FMaGdjcDhkN1lySHd3OEhxQmZjdlhkOE96WnFOenE1RlIxNW5paEFDN0dHeTF6ZEJaQzQ0bEgzUTNqak5zZFNYdkVSZ2tINmEwTVNQTGYtMnh5NGFOdTM4cWFpNHJ2dzZsY3Jua2tYbHBFZl9pOU1nOHotLU5MUkM0OGV0VHZJdEJTZjc3MnFkTlNTVW94Qnh2SVJBTUZneGFoRXlObjZsQ0pPcGhz?oc=5,"South Korea Chip Data: Memory Up 277%, Logic Down; AI Buys Bandwidth, Not Compute - Tech Times","South Korea Chip Data: Memory Up 277%, Logic Down; AI Buys Bandwidth, Not Compute Tech Times",HBM memory and context storage,,AMD; MU; NTAP; NVDA; PSTG; SNDK; STX; WDC,001309.SZ; 301308.SZ; 603986.SS; 688535.SS; 000021.SZ; 002156.SZ; 002409.SZ; 300604.SZ; 688019.SS; 688041.SS; 688256.SS; 688300.SS; 688525.SS; 002436.SZ,64,78,2026-08-17T13:51:49.734235+00:00
ec84e354fd491b00,2026-08-15,news,Google News: HBM AI server storage memory bandwidth,https://news.google.com/rss/articles/CBMiqAFBVV95cUxQWnA3ZjM2TGF0QmZqNFc0c1ZWOXRGVUUwVnRNM1dzRXl2ZXFqU2dEYnNxeklKTVk1ZEcwcWFwRUhOc0t3YTlEbFNsVkxMOXd2ZHJ0MXdFOWRTZzBxLW1VMzY0b1dUYUZVemZVWE1kZ1lpWC02YjQ4N00xQjRsa3M5S3RDNmUzclRRLUZDRDNpMkhpcUtpNzVhMU1TbV9OalhvZWotVGZ2SFM?oc=5,Apple Tests CXMT DRAM for iPhones and MacBooks Amid AI-Driven Memory Shortage - KuCoin,Apple Tests CXMT DRAM for iPhones and MacBooks Amid AI-Driven Memory Shortage KuCoin,HBM memory and context storage,,AMD; MU; NTAP; NVDA; PSTG; SNDK; STX; WDC,001309.SZ; 301308.SZ; 603986.SS; 688535.SS; 000021.SZ; 002156.SZ; 002409.SZ; 300604.SZ; 688019.SS; 688041.SS; 688256.SS; 688300.SS; 688525.SS; 002436.SZ,64,78,2026-08-17T13:51:49.734235+00:00
b8649a1a9ee6e521,2026-08-15,news,Google News: US domestic semiconductor supply chain advanced packaging materials equipment,https://news.google.com/rss/articles/CBMiugFBVV95cUxOWDM4eGJ5c21zblF1Vi1XWHdicWozR2ZMMUVuRTNWRDl6dDRsV0ZZMjVMWlBiekRsamRVb2NXTFlDWGRzLS1aT19QUUJ3TWo5bmF4ZFZlMEZfeWp0S3Zwb0hNV3FNenp4aVRObWhaWm15R2hlQ3pyZ21tNnMwMXRGaEZiV1Y3MDkyby1FM1ZWM01lSlpIYnk0eHQyUTltMUdCb1lNYWhJYzJRQWdoeG1tWGFyUGVWT2Q2Z3c?oc=5,Ceramic Crucible Covers Market to Reach 135 Index by 2035 on Semiconductor Fab Expansion - IndexBox,Ceramic Crucible Covers Market to Reach 135 Index by 2035 on Semiconductor Fab Expansion IndexBox,Semiconductor materials and consumables,,AMAT; ENTG; INTC; LRCX; Q; TSM,300054.SZ; 688019.SS; 688120.SS; 002409.SZ; 002436.SZ; 002916.SZ; 300236.SZ; 300346.SZ; 300666.SZ; 600206.SS; 688106.SS; 688268.SS; 688300.SS; 688535.SS,62,78,2026-08-17T13:51:49.734235+00:00
5afcbe64a09c3138,2026-08-14,news,Google News: Vera Rubin AI factory NVIDIA,https://news.google.com/rss/articles/CBMioAFBVV95cUxOUE5GN2ltT29JOVl1WDZaNnVVZ1J5VHBSLWNjem1UQlo5d090d2xyQ1pLRTRfSzl4Y0xMeGxxY2tTazNXVGFnRzhvNWtvclN1UFVzeGFiNXlSQlpjcUctdmNrSjVuX3l5NkFBMzJhY2pSbXZ1YkhOcFhLUFphbmZHSWo4UzUzMVc5NlFDdnEwVkprb25HcnA3Rmo3WVJfUEdi?oc=5,"LG and Nvidia Expand Partnership Across Robotics, AI Factories and Mobility - Yahoo Finance","LG and Nvidia Expand Partnership Across Robotics, AI Factories and Mobility Yahoo Finance",Physical AI and robotics; Rack-scale AI factory,NVDA,ANET; CRDO; DELL; ETN; HPE; ISRG; MRVL; NVDA; ROK; SMCI; TER; TSLA; VRT,002050.SZ; 601689.SS; 000938.SZ; 000977.SZ; 002028.SZ; 002463.SZ; 002837.SZ; 002851.SZ; 002916.SZ; 300476.SZ; 300499.SZ; 300602.SZ; 300870.SZ; 300990.SZ; 301018.SZ; 600183.SS; 601138.SS; 603228.SS; 688041.SS; 688256.SS; 688676.SS; 920808.BJ; 600111.SS; 000657.SZ,68,86,2026-08-17T13:51:49.734235+00:00
0a32c7f7ef347ae1,2026-08-14,news,Google News: Vera Rubin AI factory NVIDIA,https://news.google.com/rss/articles/CBMivwFBVV95cUxQb2t5NXlDQi0yRGJrN1pRSzVLd0hHYU1MbU5sb0ZMMnJIanZDX25XMHM3dDN3UUJVQjlBcDZQZWc1ZjRjTlNhUHhrRHhzRDM4Z21ESzFralhVV1BnaTR0RUUzdXV5U1dJZTNXME9IMjZMNkNqd21wUVZpeE0tNUtHd2FCRUpLcGpDOGRLSWNMdnB0Vmx5cEYxV3doWGxLalpwRUVocVVBQWljaGR1dVpJM2VUdnUtc3NUYkxnOXVyaw?oc=5,LG and Nvidia partner on robotics and AI factory development - Investing.com,LG and Nvidia partner on robotics and AI factory development Investing.com,Physical AI and robotics; Rack-scale AI factory,NVDA,ANET; CRDO; DELL; ETN; HPE; ISRG; MRVL; NVDA; ROK; SMCI; TER; TSLA; VRT,002050.SZ; 601689.SS; 000938.SZ; 000977.SZ; 002028.SZ; 002463.SZ; 002837.SZ; 002851.SZ; 002916.SZ; 300476.SZ; 300499.SZ; 300602.SZ; 300870.SZ; 300990.SZ; 301018.SZ; 600183.SS; 601138.SS; 603228.SS; 688041.SS; 688256.SS; 688676.SS; 920808.BJ; 600111.SS; 000657.SZ,68,86,2026-08-17T13:51:49.734235+00:00
25ec4cc67688384f,2026-08-14,news,Google News: Vera Rubin AI factory NVIDIA,https://news.google.com/rss/articles/CBMingFBVV95cUxNX0VIVF9lN0FqV3dkVzlFMXJXR0N2bllKR3lDUWtzc1Vkd190enpCR3J6MERFUGVwQ2pFUm5KU1dUUW1fS3N4Q19qY1V1UUQybXN6Z09ld3VBVGtjcFZZTFJ5WC1Vb1NFeUR3TGU4SUFMN3FHY0Nyak9YXzhlZnd1RU9pTlpDRWIyZnlZV1h2eWNqb2hWb29pZmUyUFpfZ9IBowFBVV95cUxPV3JTdzNILWFtZHMyb1VnNHJmeURDSEpHVUxTNk9xWWNRMGo5dk5xaFQzd053Xzlac0J0RGlDc2c2R3MwWTl5MlUzeUNNa25RWTVISWhuUmM4RlE4VGxaeTZzdlVzMHRPLXdJQS1PU3E1b0tPcE5FSkpJNHBPdUJkSHVPTkFQNDBkV0xpUVNzbV9MZzRtRm55eFItWm1ZLWF4V1V3?oc=5,NVIDIA & LG Bring Next-Gen Humanoids To Life To Advance The Physical AI Realm While Also Building Vera Rubin Factories - Wccftech,NVIDIA & LG Bring Next-Gen Humanoids To Life To Advance The Physical AI Realm While Also Building Vera Rubin Factories Wccftech,Physical AI and robotics; Rack-scale AI factory,NVDA,ANET; CRDO; DELL; ETN; HPE; ISRG; MRVL; NVDA; ROK; SMCI; TER; TSLA; VRT,002050.SZ; 601689.SS; 000938.SZ; 000977.SZ; 002028.SZ; 002463.SZ; 002837.SZ; 002851.SZ; 002916.SZ; 300476.SZ; 300499.SZ; 300602.SZ; 300870.SZ; 300990.SZ; 301018.SZ; 600183.SS; 601138.SS; 603228.SS; 688041.SS; 688256.SS; 688676.SS; 920808.BJ; 600111.SS; 000657.SZ,68,86,2026-08-17T13:51:49.734235+00:00
ec1071df20379d31,2026-08-14,news,Google News: Vera Rubin AI factory NVIDIA,https://news.google.com/rss/articles/CBMijgFBVV95cUxNRFpJVURrbjZkQ3ZkR1c1dnM1QWYzZXplM1ZFUm90Y1BrZEQtLUdvTGdpT1BvWTZwWDdpRXlmRTBiLWJvMlZvdkdGdEhtbHpHeDN4RjZtWDlPNEExNU5fUHFWRGxPbGh0alRBTHFYeS1KUUlxZXYxdlh4aGZXd2phYWI5UlNUM09TellYNE53?oc=5,LG Teams With NVIDIA For AI Factory Transformation And GR00T Humanoid - HotHardware,LG Teams With NVIDIA For AI Factory Transformation And GR00T Humanoid HotHardware,Physical AI and robotics; Rack-scale AI factory,NVDA,ANET; CRDO; DELL; ETN; HPE; ISRG; MRVL; NVDA; ROK; SMCI; TER; TSLA; VRT,002050.SZ; 601689.SS; 000938.SZ; 000977.SZ; 002028.SZ; 002463.SZ; 002837.SZ; 002851.SZ; 002916.SZ; 300476.SZ; 300499.SZ; 300602.SZ; 300870.SZ; 300990.SZ; 301018.SZ; 600183.SS; 601138.SS; 603228.SS; 688041.SS; 688256.SS; 688676.SS; 920808.BJ; 600111.SS; 000657.SZ,68,86,2026-08-17T13:51:49.734235+00:00
71c8c921f71e2f31,2026-08-14,news,Google News: Vera Rubin AI factory NVIDIA,https://news.google.com/rss/articles/CBMiywFBVV95cUxNQzk0TE9fYUhyVXpUVXJKQllRcTJ1Q0k0cjFlM19sbXRRYjNiaTNVTjVwcXJlYkVDU3RFN1BoWjNla0hQVGhhQ041TGM5Yy1md3RXM0JyT2hxWjNhWG01MERJNE5qVUNQWXdCM2wyd3N6V2dKOW1zcEhuWmNpQXRUMHFFZUZNa21WTktnT1Z0ckFJM256S0dlMDB1YS1CRmszZ21id3BHcHk4YlFORzJUNUhsOG4wWjRKdlhqRm4wWGY3TFdXZGo4cmNtOA?oc=5,LG Shares Rise Over 6% as It Partners With Nvidia to Develop Robots and AI Factories - tradingkey.com,LG Shares Rise Over 6% as It Partners With Nvidia to Develop Robots and AI Factories tradingkey.com,Physical AI and robotics; Rack-scale AI factory,NVDA,ANET; CRDO; DELL; ETN; HPE; ISRG; MRVL; NVDA; ROK; SMCI; TER; TSLA; VRT,002050.SZ; 601689.SS; 000938.SZ; 000977.SZ; 002028.SZ; 002463.SZ; 002837.SZ; 002851.SZ; 002916.SZ; 300476.SZ; 300499.SZ; 300602.SZ; 300870.SZ; 300990.SZ; 301018.SZ; 600183.SS; 601138.SS; 603228.SS; 688041.SS; 688256.SS; 688676.SS; 920808.BJ; 600111.SS; 000657.SZ,68,86,2026-08-17T13:51:49.734235+00:00
9082a1eab58570f3,2026-08-14,news,Google News: Vera Rubin AI factory NVIDIA,https://news.google.com/rss/articles/CBMigwJBVV95cUxOWldjcFJ2cW1JN3NRbmtRZlhvcF9kN2lUU3VIOHlHWWptZWQxWmVSeURPUkZsVnN5Nl9iV0E0VTVYenpzSVlid0VpZ05VUEU5dUduTlpDaDBvYVRPSEE0cGY2UzdiTVg0RmxJajRNLWQ4VHN6ajA3RU1Ic2JlVnhzVUpYY0FmRWd3dDZPQU1RTm9YUUVmeWJ6OWpDYjdicmxBSjdVbHBMU25NaUVQMnJpQ29PN0wwR1h1Q3F0M0xwcjA0VjQydTloc1Y0Nk5wY2ZDc0ZMUmtHMFFuR2V1TmN6YjAzenlyVDlBZWFtY21faGVORzVwanBqekYxQ0ZoQnc0STdF?oc=5,"LG to Unveil Its Next-Gen Humanoid Robot, Built on NVIDIA Isaac GR00T - The Covington News","LG to Unveil Its Next-Gen Humanoid Robot, Built on NVIDIA Isaac GR00T The Covington News",Physical AI and robotics; Rack-scale AI factory,NVDA,ANET; CRDO; DELL; ETN; HPE; ISRG; MRVL; NVDA; ROK; SMCI; TER; TSLA; VRT,002050.SZ; 601689.SS; 000938.SZ; 000977.SZ; 002028.SZ; 002463.SZ; 002837.SZ; 002851.SZ; 002916.SZ; 300476.SZ; 300499.SZ; 300602.SZ; 300870.SZ; 300990.SZ; 301018.SZ; 600183.SS; 601138.SS; 603228.SS; 688041.SS; 688256.SS; 688676.SS; 920808.BJ; 600111.SS; 000657.SZ,68,86,2026-08-17T13:51:49.734235+00:00
b016c202870195e3,2026-08-14,news,Google News: Vera Rubin AI factory NVIDIA,https://news.google.com/rss/articles/CBMidkFVX3lxTFA4VUd0ajFwWEp0b1BwaVE3bkRJSlpKbWxlWFJTVlRJZmhtSHF5VFlSaFRNcFRqV1pWY1c4Sm1WNGhaT1BYNmVoMlhBV28wS0lkZWt3WGdQclZyUEtxRHZUVmlJTjA3ZXJJcmNSQ28ycWhERk1GOEE?oc=5,"Nvidia and LG Forge Physical AI Alliance to Build Humanoid Robots, AI Factories - finance.biggo.com","Nvidia and LG Forge Physical AI Alliance to Build Humanoid Robots, AI Factories finance.biggo.com",Physical AI and robotics; Rack-scale AI factory,NVDA,ANET; CRDO; DELL; ETN; HPE; ISRG; MRVL; NVDA; ROK; SMCI; TER; TSLA; VRT,002050.SZ; 601689.SS; 000938.SZ; 000977.SZ; 002028.SZ; 002463.SZ; 002837.SZ; 002851.SZ; 002916.SZ; 300476.SZ; 300499.SZ; 300602.SZ; 300870.SZ; 300990.SZ; 301018.SZ; 600183.SS; 601138.SS; 603228.SS; 688041.SS; 688256.SS; 688676.SS; 920808.BJ; 600111.SS; 000657.SZ,68,86,2026-08-17T13:51:49.734235+00:00
7ae1f899668962e5,2026-08-14,news,Google News: Vera Rubin AI factory NVIDIA,https://news.google.com/rss/articles/CBMigwFBVV95cUxQSUtTalNHeFN3QkZxR3J2bVVuUm5qU2FCQmVWN3o0b0ZpN0hYdWNsQVh3Z3UtSzNsallXQXU2V1BKaDNnbUhvUmhyeGVRb1RyVE1OMnJBTzk0VFJXV0FMWWJlN2RXNEVUZnBfVVJWNDVSM3lQT1dyamM0SEF3NkJGMzdTcw?oc=5,LG and NVIDIA to build 80-MW computing facility and humanoid robot - Interesting Engineering,LG and NVIDIA to build 80-MW computing facility and humanoid robot Interesting Engineering,Physical AI and robotics; Rack-scale AI factory,NVDA,ANET; CRDO; DELL; ETN; HPE; ISRG; MRVL; NVDA; ROK; SMCI; TER; TSLA; VRT,002050.SZ; 601689.SS; 000938.SZ; 000977.SZ; 002028.SZ; 002463.SZ; 002837.SZ; 002851.SZ; 002916.SZ; 300476.SZ; 300499.SZ; 300602.SZ; 300870.SZ; 300990.SZ; 301018.SZ; 600183.SS; 601138.SS; 603228.SS; 688041.SS; 688256.SS; 688676.SS; 920808.BJ; 600111.SS; 000657.SZ,68,86,2026-08-17T13:51:49.734235+00:00
63e4d3382839aa59,2026-08-14,news,Google News: Vera Rubin AI factory NVIDIA,https://news.google.com/rss/articles/CBMiiAFBVV95cUxONEpoMWpDZ0RBeUpKWkpaVVN4QWxmR0NydDNxN0puOUxyQkJyNC1HMTMwMVpyQTRjTThKemV3MzBKWFNxMEUwRjMtemZad0R1U0o0WGJUaHJzSktCcnBLUTN3bnBRS3JNY19tQ01MRUkydXN6NTQybzZQTHRLNGFHaVFVaVNtem9s?oc=5,"LG, NVIDIA to Unveil Humanoid Robot Powered by NVIDIA Chips Next Year - 조선일보","LG, NVIDIA to Unveil Humanoid Robot Powered by NVIDIA Chips Next Year 조선일보",Physical AI and robotics; Rack-scale AI factory,NVDA,ANET; CRDO; DELL; ETN; HPE; ISRG; MRVL; NVDA; ROK; SMCI; TER; TSLA; VRT,002050.SZ; 601689.SS; 000938.SZ; 000977.SZ; 002028.SZ; 002463.SZ; 002837.SZ; 002851.SZ; 002916.SZ; 300476.SZ; 300499.SZ; 300602.SZ; 300870.SZ; 300990.SZ; 301018.SZ; 600183.SS; 601138.SS; 603228.SS; 688041.SS; 688256.SS; 688676.SS; 920808.BJ; 600111.SS; 000657.SZ,68,86,2026-08-17T13:51:49.734235+00:00
1cf102554cc9a24e,2026-08-14,news,Google News: co-packaged optics AI data center CPO,https://news.google.com/rss/articles/CBMiuwFBVV95cUxQYVVMd0Y1MTRQc1ZuXzdpLW51azBCa0stcmlJQ2lRVHVVQXJ3UW10T1RqUk9pX2U1Rjg4bUp2QTNWd1hReDlWR0V1cmxzX0FiOVhBcVotcklSSThlTU1vNnZKQmlzdE1jU0lyVDZWSHV1X0tRNHNPTlM1N0lKTHlQNmplbXdfMlUzVkx5TGVKclk5eHBPaWpCZjRLT3QzaVZpVmdLZTdrTEJyLWRsd0lnY2h6TEhoa1VCdmRV?oc=5,Industry giants unite to define open co-packaged optics for next-gen AI infrastructure - sdxcentral.com,Industry giants unite to define open co-packaged optics for next-gen AI infrastructure sdxcentral.com,CPO and optical interconnect; Rack-scale AI factory,,ANET; CIEN; COHR; CRDO; DELL; ETN; FN; GLW; HPE; LITE; MRVL; NVDA; SMCI; VRT,000988.SZ; 300308.SZ; 300502.SZ; 000938.SZ; 000977.SZ; 002028.SZ; 002281.SZ; 002463.SZ; 002837.SZ; 002851.SZ; 002916.SZ; 300394.SZ; 300476.SZ; 300499.SZ; 300602.SZ; 300870.SZ; 300990.SZ; 301018.SZ; 600183.SS; 601138.SS; 603228.SS; 688041.SS; 688256.SS; 688498.SS,68,86,2026-08-17T13:51:49.734235+00:00
423ddda8dafe6cb2,2026-08-14,news,Google News: long context inference serving KV cache AI,https://news.google.com/rss/articles/CBMi0gFBVV95cUxQWElESTk1V2haem1YTHNyV1VtaGM2WUdqZlJIZ2pwdURvXzhGNFhjcnFQc05nYTl6M2M4UmQ2Q2NRSjJFSWQ1LVdkTHp6LTBKZWI5eEpiTmhQcldwbHp6VW1kTk1pT0xkYmdNN2tNVmtpZ21VTkVyeTRwZjNfQldaYXgyN0x0Y1JTUXRfd1RuZFU2N1RwRGpncWFWQ05ROHNFX1h4aVZhbnVLdFkwbkdiVzY2bVVRT2NtMTh4NS1jeUZyc0RfTXR6S0k2UV91bkV3VGc?oc=5,SanDisk Investor Day: Caching Out the NAND Cycle with Contracts - Counterpoint Research,SanDisk Investor Day: Caching Out the NAND Cycle with Contracts Counterpoint Research,AI inference serving and networking; HBM memory and context storage,SNDK,AMD; AMZN; ANET; AVGO; CRDO; CRWV; GOOG; MRVL; MSFT; MU; NBIS; NTAP; NVDA; ORCL; PSTG; SNDK; STX; WDC,001309.SZ; 301308.SZ; 603986.SS; 688535.SS; 000021.SZ; 002156.SZ; 002409.SZ; 002463.SZ; 300442.SZ; 300604.SZ; 688019.SS; 688041.SS; 688256.SS; 688300.SS; 688525.SS; 002436.SZ,68,86,2026-08-17T13:51:49.734235+00:00
ec5638ba30062e29,2026-08-14,news,Google News: physical AI robotics world model,https://news.google.com/rss/articles/CBMi0AFBVV95cUxOd1BDVC1LWDdXVFpJQ0pUVHBvVWtxQnhhOGlMQ3ZyWWk3S21XREJHQy14OS1lc1pHeHpkMHVxVFd0UXNOSUp4ODFmR0NDcWhqQ3lSY0tJZjFySHVVQ1dORTg2MXI2UnBFUHYxQmxZa2hfWDZ3a0FYODVMNEc1b3FWX0hnRTRsN04zX3FJR3pSNzd0OTFYbG1jS3BBR0U2S19QS1phczZRNzZJREJ6elB5RjltNWpudklVOHlPVzVqdm9qZ1diaHlXbXhVaV9GYUtp?oc=5,From Self-Driving Vehicles to Physical AI: The Inventions Behind Autonomous Systems - Foley & Lardner LLP,From Self-Driving Vehicles to Physical AI: The Inventions Behind Autonomous Systems Foley & Lardner LLP,Physical AI and robotics; Space defense and autonomous systems,,ASTS; AVAV; ISRG; LMT; NVDA; PL; RKLB; ROK; RTX; TER; TSLA,002050.SZ; 601689.SS; 002179.SZ; 002389.SZ; 688041.SS; 688256.SS; 688297.SS; 600111.SS; 000657.SZ; 300124.SZ; 688017.SS; 688322.SS,68,86,2026-08-17T13:51:49.734235+00:00
80cae1d1b535e111,2026-08-14,news,Google News: AI data center liquid cooling power,https://news.google.com/rss/articles/CBMipwFBVV95cUxNNjV6RUN1alg4T0lrT3N1THQwQlVfdWNyenphMzQ3aHRXYWUxVGl2aFFKZkJLZWhyREpsUS1HdTkxY3Q2YnI1TjVSU2tOTFlqNUNaMVdDQmdlSXUwU0V2VWt2OEgxb2pnYkxMSl9oVy1pVjY4ako5WV83bTJla0ZvaUhYaEZ3NDN5THI1X01TXzNFYU9XcGhGeUl2WUFQOFpLNlgtUnZXWQ?oc=5,Data center energy efficiency a must to meet ESG goals - TechTarget,Data center energy efficiency a must to meet ESG goals TechTarget,AI data center power and cooling,,BE; CAT; CEG; CVX; ETN; FLNC; GEV; LNG; NEE; OKLO; SMR; VRT,002028.SZ; 002837.SZ; 002851.SZ; 003816.SZ; 300499.SZ; 300602.SZ; 300870.SZ; 300990.SZ; 301018.SZ; 600875.SS; 601985.SS; 688676.SS; 920808.BJ,64,78,2026-08-17T13:51:49.734235+00:00
49b64666f9770683,2026-08-14,news,Google News: co-packaged optics AI data center CPO,https://news.google.com/rss/articles/CBMisAFBVV95cUxPSm94MmpUTUpybGQwQjBjVnllS0ZYakV4TzlXLXRVTXI4M0RCbEw0LXNqcXBNMndXYTRDcHV3ZFp0aHNGbkdsX2s4SWZCWkRlanFNYV9TMHJCUG0tT0E0MTRRMUZnNTRBVDRVRFlfLUpGUnp2OU9Hd0t0MWVIMTg2TjZ5Y1F1a09mNjh4YkRzYXB4VlhacVRfaFBHaFJMVEltVkpPb3hzRnlNdlptS3F3VA?oc=5,Sivers Semiconductors and SemiNex target AI data centers with $3.4M InP program - eeNews Europe,Sivers Semiconductors and SemiNex target AI data centers with $3.4M InP program eeNews Europe,CPO and optical interconnect,,AMAT; AMD; AMKR; ANET; ASML; CIEN; COHR; CRDO; ENTG; FN; GLW; INTC; KLAC; LITE; LRCX; MRVL; NVDA; Q; TSM,000988.SZ; 300308.SZ; 300502.SZ; 000938.SZ; 002156.SZ; 002281.SZ; 002371.SZ; 002409.SZ; 002436.SZ; 002463.SZ; 002916.SZ; 300054.SZ; 300236.SZ; 300346.SZ; 300394.SZ; 300604.SZ; 300666.SZ; 600206.SS; 688012.SS; 688019.SS; 688041.SS; 688072.SS; 688106.SS; 688120.SS,64,78,2026-08-17T13:51:49.734235+00:00
2a48d741a05b1832,2026-08-14,news,Google News: co-packaged optics AI data center CPO,https://news.google.com/rss/articles/CBMiswFBVV95cUxQeDNuSjV0U0EwVGNwYzRwYlVyeXZtVTk3NlNmeTBEd2F0SHpwbE93blVsTDV3YlhqcGl2cUpWUXhQUmdpLUtURFlBVFFQeUxPcFBSVGJzWFFGUC1wVGg2VS1NZU9DeHV5YnZZZS1NZzlwYWlzQ2JTNF9yUXdUNzh3ZnZfNjVhakFjeWNrX0dISDJZLThqM2stbnRDU3BhazNQUkN6TS03YkdIbDNmTnFZalNkMA?oc=5,"Lightmatter, Industry Partners Launch CPO Architecture Initiative Within OCP - hpcwire.com","Lightmatter, Industry Partners Launch CPO Architecture Initiative Within OCP hpcwire.com",CPO and optical interconnect,,ANET; CIEN; COHR; CRDO; FN; GLW; LITE; MRVL; NVDA,000988.SZ; 300308.SZ; 300502.SZ; 000938.SZ; 002281.SZ; 002463.SZ; 300394.SZ; 688041.SS; 688256.SS; 688498.SS,64,78,2026-08-17T13:51:49.734235+00:00
e5108bbb6f87e5da,2026-08-14,news,Google News: co-packaged optics AI data center CPO,https://news.google.com/rss/articles/CBMirgFBVV95cUxQYmlIZHp2bXY2aHNUWXVVbEJ2R2hKX2NoSFdrNVoycEZwM1RZUkM0ZTJwbDJFdHZha0tnNTd2cVktM2x0cFVqWVFWaG9yN093bE9jbXgxbS1tbHpUNGhiQlV1M283NjdNWHZjU29jVkZCa0VMZzBrd3BjTVNTX1dFbW9idWdMU1RyQUxzSEFLVWhLWTBLQURXeFkwUU9YWnlyVUhRQXFTQlpWbFpSN2c?oc=5,"Coherent Q4 FY 2026 Earnings: 1.6T Transceivers Ramp, CPO Revenue Approaches - futurumgroup.com","Coherent Q4 FY 2026 Earnings: 1.6T Transceivers Ramp, CPO Revenue Approaches futurumgroup.com",CPO and optical interconnect,COHR,ANET; CIEN; COHR; CRDO; FN; GLW; LITE; MRVL; NVDA,000988.SZ; 300308.SZ; 300502.SZ; 000938.SZ; 002281.SZ; 002463.SZ; 300394.SZ; 688041.SS; 688256.SS; 688498.SS,64,78,2026-08-17T13:51:49.734235+00:00
fd325582770a4baa,2026-08-14,news,Google News: co-packaged optics AI data center CPO,https://news.google.com/rss/articles/CBMiuwFBVV95cUxQOWtfYXJnSE41VnhTa3RYMnFlUkRSdDJ1MVI3a3AwQkN4QXprLWpmTzlpY2ZnaWNxSHJBMXRTZzlOeWJ0cjM0b0FKUkUtUGMzMExvNmRtVnNfTTJza1g0OHhOQTJ3bFlSeVo3MS1wSG03dnNqZWlydXlnOEdwTGYwUmtnc2ZDd09HaGpEamR4RjdvZ2R0Z0cyQ0QwTHFuUWoyVGtlclRKMVpDZGN0b08wQW9WU29WMWlONWVj0gHAAUFVX3lxTE1nVHpMTEFGdmg5LU5WR3BQM3FNNjdnd3RVbkM1QjdUbThoNjJFelhtblg5S2dVNnhpNUczOXFwMW9HMzRBRTJ4bFZWb1IwWEZic1NuX0w5SnJaVDNmd3M3TXpDOHlXdlhudlE3aFpqd3lrS0ZEQWx2RmlBcjA0YzR5S1k2SDhkanl4dTN4cWhuMjZ3MFFLOF…,"NVIDIA’s Optics Partners Crush CPO Delay Rumors, With Coherent’s Scale-Out Revenue Starting Late 2026 - Wccftech","NVIDIA’s Optics Partners Crush CPO Delay Rumors, With Coherent’s Scale-Out Revenue Starting Late 2026 Wccftech",CPO and optical interconnect,COHR; NVDA,ANET; CIEN; COHR; CRDO; FN; GLW; LITE; MRVL; NVDA,000988.SZ; 300308.SZ; 300502.SZ; 000938.SZ; 002281.SZ; 002463.SZ; 300394.SZ; 688041.SS; 688256.SS; 688498.SS,64,78,2026-08-17T13:51:49.734235+00:00
0e61c03f19e6328d,2026-08-14,news,Google News: long context inference serving KV cache AI,https://news.google.com/rss/articles/CBMiekFVX3lxTE5kNGRRY0ZOOWl1R2p0Vk44SVV2QTAwY3NsZXBXRmFsUFVjUTFtbVpNLTRwa0thY21oeEFXTlBBTjUxdE5hN01qZ0JhRVFsUVJpSjBRbzdtQl9RaWpIeVV3YnBfb0R2OTNlbU1XVFZlM3dkME04VUVwNnln?oc=5,The Sequence Opinion - Issue 914: From Prompt to Token: How AI Inference Really Works - TheSequence | Jesus Rodriguez,The Sequence Opinion - Issue 914: From Prompt to Token: How AI Inference Really Works TheSequence | Jesus Rodriguez,AI inference serving and networking,,AMD; AMZN; ANET; AVGO; CRDO; CRWV; GOOG; MRVL; MSFT; NBIS; NVDA; ORCL,002156.SZ; 002463.SZ; 300442.SZ; 688041.SS; 688256.SS,64,78,2026-08-17T13:51:49.734235+00:00
b3521dda5a5486d7,2026-08-14,news,Google News: long context inference serving KV cache AI,https://news.google.com/rss/articles/CBMiZkFVX3lxTE1mVXFRQ01BS3YzbUhySU12RmpBS0UwS09MR1NFNEQwbnk3MEZ0Q1BWOW5IcXlfemEwd0pSckZOdkhFTFpiZ2ZYaXRMMlBkQlB4UWdoa3l4WEY4RFBzVXcwMk9FczROUQ?oc=5,Nscale - Nscale,Nscale Nscale,AI inference serving and networking,,AMD; AMZN; ANET; AVGO; CRDO; CRWV; GOOG; MRVL; MSFT; NBIS; NVDA; ORCL,002156.SZ; 002463.SZ; 300442.SZ; 688041.SS; 688256.SS,64,78,2026-08-17T13:51:49.734235+00:00
12287f884ae40c81,2026-08-14,news,Google News: long context inference serving KV cache AI,https://news.google.com/rss/articles/CBMic0FVX3lxTE9uT2FiWHZibGF6aTRfYjZVT2RMOWk1NGx5LU9URGszY2pQc1diakFYR01OVHM0RzZhdmxnYU9ZOHBCQXBUci1RMFNJcU8wNzVsZ25jazI5RS1yeFNNZHFkV1pmOEhzNzdfZjJzcW56WGtDOTA?oc=5,DeepSeek V4 MoE Architecture Analysis: Million-Token Context vs. Huawei Ascend Infrastructure for Efficient AI Inference - Intelligent Living,DeepSeek V4 MoE Architecture Analysis: Million-Token Context vs. Huawei Ascend Infrastructure for Efficient AI Inference Intelligent Living,AI inference serving and networking,INTC,AMD; AMZN; ANET; AVGO; CRDO; CRWV; GOOG; INTC; MRVL; MSFT; NBIS; NVDA; ORCL,002156.SZ; 002463.SZ; 300442.SZ; 688041.SS; 688256.SS,64,78,2026-08-17T13:51:49.734235+00:00
d4c17a2067a6873c,2026-08-14,news,Google News: HBM AI server storage memory bandwidth,https://news.google.com/rss/articles/CBMifkFVX3lxTE5jaDVsY1pPSXhNbEJUdFlReVVlekZuS3NWSmhESXJ2T19nSDE3b3owRUc2SFJNYmtYNU5yTGpKNU5zazdEQ0IxdE1CTlNkd1pTYUhLdEFKNnY5aXFlbmZYMm05UjBia0IxdkFRRXlwYkhLYlpNNElFd0QxRmxLUQ?oc=5,AI Servers Have a New Bottleneck: Money - semivision,AI Servers Have a New Bottleneck: Money semivision,HBM memory and context storage,,AMD; MU; NTAP; NVDA; PSTG; SNDK; STX; WDC,001309.SZ; 301308.SZ; 603986.SS; 688535.SS; 000021.SZ; 002156.SZ; 002409.SZ; 300604.SZ; 688019.SS; 688041.SS; 688256.SS; 688300.SS; 688525.SS; 002436.SZ,64,78,2026-08-17T13:51:49.734235+00:00
e14d4100b9dadc7b,2026-08-14,news,Google News: HBM AI server storage memory bandwidth,https://news.google.com/rss/articles/CBMivwFBVV95cUxPeS04WnhweTZ6cGY0YlJGUVF2ZkwwTERsTFBoVkNUdW05V0hHNWE3U2tyNy1CYi1raThDcXlPUzhrcXBma2hJcWdIaURwR2pzNUUzWVU1aFZXaVpPSXpyaEtYSGV5QXNKdFJHektpSG5Fc2w0bDBGOWJsV0J2eEVjS0dYdWtILTRvazJIOF9uMFFTbkM3UEVMR1dBbWtYeFNNbmhGWVRzeS0yTHV6SFdRbkZuNkItd0V6U0lJV1dvTQ?oc=5,Why Is Sandisk Stock Up? SNDK Jumps 13.7% as AI Storage Outlook Strengthens - MEXC,Why Is Sandisk Stock Up? SNDK Jumps 13.7% as AI Storage Outlook Strengthens MEXC,HBM memory and context storage,SNDK,AMD; MU; NTAP; NVDA; PSTG; SNDK; STX; WDC,001309.SZ; 301308.SZ; 603986.SS; 688535.SS; 000021.SZ; 002156.SZ; 002409.SZ; 300604.SZ; 688019.SS; 688041.SS; 688256.SS; 688300.SS; 688525.SS; 002436.SZ,64,78,2026-08-17T13:51:49.734235+00:00
3d208508370ff065,2026-08-14,news,Google News: US domestic semiconductor supply chain advanced packaging materials equipment,https://news.google.com/rss/articles/CBMibkFVX3lxTE1Oa010MGtSb2NZVERWZFhyVW9uNnhvb1FJdzF5VnRqMlB0Ulg3YnVVN2ZSSHBMMVNNUURKNnA1WDdHOWUzb2g2RUsySV9aNk1HNFJNbjAwNkZ3Rkt2ejNTT3g0NnJYZk8xRHgwbzZn?oc=5,Chip Industry Week In Review - Semiconductor Engineering,Chip Industry Week In Review Semiconductor Engineering,Semiconductor materials and consumables,,AMAT; ENTG; INTC; LRCX; Q; TSM,300054.SZ; 688019.SS; 688120.SS; 002409.SZ; 002436.SZ; 002916.SZ; 300236.SZ; 300346.SZ; 300666.SZ; 600206.SS; 688106.SS; 688268.SS; 688300.SS; 688535.SS,62,78,2026-08-17T13:51:49.734235+00:00
385434534174305a,2026-08-14,news,Google News: US domestic semiconductor supply chain advanced packaging materials equipment,https://news.google.com/rss/articles/CBMimgFBVV95cUxOV0lDcFp4UTBQd1daQjBBczF3LTZkU21ZM3BvdEo4VkZBeHBfamJoY0VpRnVsMlNoR2g3T1BIWTMwb1JxVldVRVZUSmV6SHJvdG5NVDBRcThsNVJ5MUtFd3dTSGNNS0otbzcwenEyV014aFVMU2xOT1kyb1dybERsM2RsbWJseTlIa0dKMk9fZXdveXJCNkxNYnp3?oc=5,Chips Act 2.0 Puts Demand at Center of Europe’s Semiconductor Strategy - EE Times,Chips Act 2.0 Puts Demand at Center of Europe’s Semiconductor Strategy EE Times,Semiconductor materials and consumables,,AMAT; ENTG; INTC; LRCX; Q; TSM,300054.SZ; 688019.SS; 688120.SS; 002409.SZ; 002436.SZ; 002916.SZ; 300236.SZ; 300346.SZ; 300666.SZ; 600206.SS; 688106.SS; 688268.SS; 688300.SS; 688535.SS,62,78,2026-08-17T13:51:49.734235+00:00
6de66a1704dc380f,2026-08-14,news,Google News: US domestic semiconductor supply chain advanced packaging materials equipment,https://news.google.com/rss/articles/CBMi7wFBVV95cUxNVzI4YmFwU3dZYURmUXhEN0VaTVE0SFlCazZrM21MU3BLNmx2c1huc1BfSy1sWVhVZ082SXhTdVZ4S0oyck5taTM1YXQ4OXhYZENuVWxsNVFNUTNLWUd2MnRSWUM5YnMzYk9YU0hMS2FxVUQ1Y0JGQzlYSUMybW0yamdnamtrQlcyTXNMaWJKeGdSdXRSVlZCTzE1YXNuV2F0RUtwSkdtdll5WHA2M0tTSzdzME5zNHZEUGpyZVlQbUxDQzFENkJ2Vy1lSGI4dUI5TXFDNnZOY0NwWDk0OTF6YnkwLU05LUVJR3UxSFgyRQ?oc=5,India's big chip ambition: Can it become the world's next semiconductor hub? - The Times of India,India's big chip ambition: Can it become the world's next semiconductor hub? The Times of India,Semiconductor materials and consumables,,AMAT; ENTG; INTC; LRCX; Q; TSM,300054.SZ; 688019.SS; 688120.SS; 002409.SZ; 002436.SZ; 002916.SZ; 300236.SZ; 300346.SZ; 300666.SZ; 600206.SS; 688106.SS; 688268.SS; 688300.SS; 688535.SS,62,78,2026-08-17T13:51:49.734235+00:00
0b1a278b7166da01,2026-08-14,news,Google News: US domestic semiconductor supply chain advanced packaging materials equipment,https://news.google.com/rss/articles/CBMivgFBVV95cUxPS3NQbUN2WGZ4N0lyQ2s3R1A5bUZ6RUVRcjlYcmtpUjNiZWJnbEhDdmxSV0tTNEVYVS1NTm13ZmlKNkZYVG01TDlYZHNBMEJhbEZaWW0zcl9qUHc0aVBjelE2aEJfQzRmbHoxajJTYkpOSkRGNy11OEF2MXVhRi1HS0diSzdIMjZwckRmRTlVcnNSUTMyYVlCLUVqTGxXTGJTOUlQbXRySU9aX0NjaExnb0dlQXNIQXlJa3p5ZXdB?oc=5,Raku Glaze Preparations Market Semiconductor Coatings Demand to Drive 5.9% CAGR Through 2035 - IndexBox,Raku Glaze Preparations Market Semiconductor Coatings Demand to Drive 5.9% CAGR Through 2035 IndexBox,Semiconductor materials and consumables,,AMAT; ENTG; INTC; LRCX; Q; TSM,300054.SZ; 688019.SS; 688120.SS; 002409.SZ; 002436.SZ; 002916.SZ; 300236.SZ; 300346.SZ; 300666.SZ; 600206.SS; 688106.SS; 688268.SS; 688300.SS; 688535.SS,62,78,2026-08-17T13:51:49.734235+00:00
02b8f3425b8d493a,2026-08-14,arxiv,arXiv: Long context and KV cache,https://arxiv.org/abs/2608.14277v1,SimpleOPD: Simple Tokenizer-Agnostic On-Policy Distillation for Long-Context Reasoning,"On-policy distillation (OPD) offers a promising way to transfer reasoning capabilities from stronger teacher models, but applying it to long-context reasoning teachers and short-context students introduces practical challenges, including tokenizer mismatch, teacher-student distribution mismatch, response length explosion, and training instability. In this work, we study this setting by transferring proof-reasoning capabilities from the long-context reasoning model SU-01 to short-context student models. To handle tokenizer differences, we perform OPD in a shared text space and align only tokens that occupy identical text spans under the student and teacher tokenizers. To mitigate the problem of excessive generation length and frequent truncation, we introduce a student reference KL loss and mask the advantages of special termination tokens such as and . This strategy constrains the student from drifting excessively from its initial policy, thereby mitigating the teacher-student distribution mismatch problem and fostering steady length growth. Experiments on both same-family and different-family student models, including Qwen3, Qwen3.5, Intern-S2, GLM-4.7, Gemma-4, show consistent g…",HBM memory and context storage; Space defense and autonomous systems,,AMD; AMZN; ASTS; AVAV; GOOG; LMT; MSFT; MU; NTAP; NVDA; ORCL; PL; PSTG; RKLB; RTX; SNDK; STX; WDC,001309.SZ; 301308.SZ; 603986.SS; 688535.SS; 000021.SZ; 002156.SZ; 002179.SZ; 002389.SZ; 002409.SZ; 300604.SZ; 688019.SS; 688041.SS; 688256.SS; 688297.SS; 688300.SS; 688525.SS; 002436.SZ,62,80,2026-08-17T13:51:57.394509+00:00
2a2fd8ddf7f5c7cd,2026-08-14,arxiv,arXiv: KV cache and inference memory,https://arxiv.org/abs/2608.14191v1,KV Cache Compression Through the Lens of Transform Coding,"The key-value (KV) cache stores information from past tokens and is a major memory bottleneck in long-context inference. Existing quantization methods address this bottleneck by representing the KV cache uniformly with lower-precision data types and designing quantization schemes to minimize reconstruction error in the cache itself, without accounting for how that error propagates through attention mechanisms. We prove that, under a white-noise quantization model, the expected attention-aware distortion decomposes into additive key and value contributions that factor across tokens and channels. Building on transform coding and reverse water-filling, which are classical tools from signal processing and rate-distortion theory, we introduce Attention-Aware Transform Coding (AATC), which allocates bits over a calibration set to minimize attention-aware distortion. On Llama-3.1-8B-Instruct and Qwen-2.5-7B-Instruct, evaluated across LongBench, RULER, GSM8K, MMLU-Pro, and MATH-500, our method achieves near-lossless accuracy at approximately $5.8\times$ compression, whereas each baseline degrades in at least some settings.",AI data center power and cooling; HBM memory and context storage,,AMD; BE; CAT; CEG; CVX; ETN; FLNC; GEV; LNG; MU; NEE; NTAP; NVDA; OKLO; PSTG; SMR; SNDK; STX; VRT; WDC,001309.SZ; 301308.SZ; 603986.SS; 688535.SS; 000021.SZ; 002028.SZ; 002156.SZ; 002409.SZ; 002837.SZ; 002851.SZ; 003816.SZ; 300499.SZ; 300602.SZ; 300604.SZ; 300870.SZ; 300990.SZ; 301018.SZ; 600875.SS; 601985.SS; 688019.SS; 688041.SS; 688256.SS; 688300.SS; 688525.SS,62,80,2026-08-17T13:51:57.394509+00:00
1d472b6b406d0606,2026-08-14,news,Google News: physical AI robotics world model,https://news.google.com/rss/articles/CBMiowFBVV95cUxQOEtXTjVUMWtDRVhYUXVLU1JaSnYtWFlsMHBONG5tczloRk96RDg3T0RxZkZueHEwSGF1QU84QUhlN3JiOU1ZWld0MDJudWlPQXlEcTRHYzY1dllUa3MtME5xbzk2aVF0TU43bFY1dGdDMTI3alM4eW1PMHBjck9nV3VwOXNlWXdMTkJlUmtCaUlHQkRGN3hfcWZPUzRLUUtWWXUw?oc=5,How world models could help AI navigate the physical world - The World Economic Forum,How world models could help AI navigate the physical world The World Economic Forum,Physical AI and robotics,,ISRG; NVDA; ROK; TER; TSLA,002050.SZ; 601689.SS; 688041.SS; 688256.SS; 600111.SS; 000657.SZ; 300124.SZ; 688017.SS; 688322.SS,61,75,2026-08-17T13:51:49.734235+00:00
dd66f5524d6a75f5,2026-08-14,arxiv,arXiv: Mixture of experts,https://arxiv.org/abs/2608.14385v1,DeaMoE: Efficient MoE Structure for Fast Small-Batch Decoding,"Mixture-of-Experts (MoE) models have been widely adopted in real-time interactive applications such as coding assistants, real-time audio-video interaction systems. To meet the extremely low response latency requirements of these scenarios, practitioners commonly employ small-batch decoding, under which MoE inference becomes memory-bound and is severely bottlenecked by expert weight loading. However, this bottleneck has received limited attention, and existing solutions such as post-training weight compression or fine-grained expert design during pre-training either degrade model accuracy or introduce additional computation and communication overhead. To tackle this issue, we propose DeaMoE, a decoding-efficient MoE architecture, in which the experts are grouped into several departments, and the experts belonging to the same department share most parameters since they come from the same professional field, and additionally each expert contains a few private parameters to reflect its uniqueness. Moreover, we design customized two-stage routing strategy for DeaMoE to avoid redundant loading, under which DeaMoE greatly improves the efficiency during LLM decoding. Compared with vanill…",AI inference serving and networking,,AMD; AMZN; ANET; AVGO; CRDO; CRWV; GOOG; MRVL; MSFT; NBIS; NVDA; ORCL,002156.SZ; 002463.SZ; 300442.SZ; 688041.SS; 688256.SS,58,72,2026-08-17T13:51:57.394509+00:00
99ce768278cc0431,2026-08-14,arxiv,arXiv: Mixture of experts,https://arxiv.org/abs/2608.14205v1,FreeBalance: Pre-Routing Online Moe Load Balancing via Residual Workload Prediction,"Load imbalance poses a major bottleneck to the efficiency of expert parallelism in distributed inference of Mixture-of-Experts (MoE) models. The most heavily loaded rank stalls global execution due to skewed routing distributions, directly increasing latency. While offline expert placement can alleviate persistent imbalance, practical multi-task serving workloads exhibit layer- and batch-dependent routing dynamics, making online load balancing indispensable. Existing approaches rely on routing statistics collected after each MoE router, requiring expert weight load or migration to begin only after routing decisions are available, consequently placing migration overhead on the inference critical path. In this work, we observe that online balancing can instead be largely overlapped with computation before target routing (e.g., attention), if routing distributions can be predicted accurately in advance. Therefore, we propose FreeBalance, a lossless online load-balancing framework that overlaps expert migration with preceding computation stages via residual workload prediction. FreeBalance leverages cross-layer similarities in hidden representations within the residual network to buil…",AI inference serving and networking,,AMD; AMZN; ANET; AVGO; BE; CRDO; CRWV; GOOG; MRVL; MSFT; NBIS; NVDA; ORCL,002156.SZ; 002463.SZ; 300442.SZ; 600875.SS; 688041.SS; 688256.SS,58,72,2026-08-17T13:51:57.394509+00:00
09bd7158a723dd15,2026-08-14,arxiv,arXiv: Mixture of experts,https://arxiv.org/abs/2608.13911v1,MedMix: Specialization-Consistent Federated Sparse MoEs under Modality Heterogeneity,"Federated multimodal medical AI faces modality heterogeneity at both the client and sample levels: clients may systematically lack access to specific modality types, while individual records within the same client may contain different partial modality subsets. Sparse Mixture-of-Experts (MoE) architectures are a promising remedy for modality-adaptive computation, but their use in federated learning is fragile under cross-client modality heterogeneity, where locally learned routing policies can diverge across clients and drive experts toward incompatible specializations. Different clients may assign the same observed modality configuration to different experts, or train similarly indexed experts on different missing-modality configurations, causing standard aggregation to misalign or overwrite the expert specialization that sparse MoEs are intended to learn. To address this challenge, we propose MedMix, a semantic-alignment framework for federated multimodal sparse MoEs that coordinates cross-client routing and expert specialization using modality context. At the client side, MedMix uses modality-context-aware routing to guide expert selection using each token's modality identity,…",AI inference serving and networking,,AMD; AMZN; ANET; AVGO; CRDO; CRWV; GOOG; MRVL; MSFT; NBIS; NVDA; ORCL,002156.SZ; 002463.SZ; 300442.SZ; 688041.SS; 688256.SS,58,72,2026-08-17T13:51:57.394509+00:00
c41efc4defb70428,2026-08-14,arxiv,arXiv: World models and robotics,https://arxiv.org/abs/2608.14481v1,Ensuring Safe Physical AI in Urban Mobility via Hazard-Informed Synthesized Envelopes,"As heterogeneous robotic systems deploy across diverse urban zones, maintaining safety amid complex human-robot interactions remains a critical challenge. We present a unified framework that bridges systematic hazard analysis and runtime enforcement using hazard-informed safety envelopes. Rather than treating safety as a static constraint isolated within individual software modules, we introduce a cross-layer safety transformation process spanning symbolic, spatial, and dynamic world models. We show how this representation naturally interfaces with physical AI runtime harnesses to guarantee safe urban mobility.",Physical AI and robotics,,ISRG; NVDA; ROK; TER; TSLA,002050.SZ; 601689.SS; 688041.SS; 688256.SS; 600111.SS; 000657.SZ; 300124.SZ; 688017.SS; 688322.SS,55,69,2026-08-17T13:51:57.394509+00:00
a4bdc6f8d67b2d0c,2026-08-14,arxiv,arXiv: World models and robotics,https://arxiv.org/abs/2608.13901v1,Ontology-Grounded World Models for Failure Diagnosis and Closed-Loop Repair in Physical AI Systems,"EV-WM represents candidate quality with feature and event scores, but these scores do not explicitly record an unmet task predicate, a route label for an available correction mechanism, or a post-correction acceptance result. We present Onto-EV-WM, an ontology-grounded diagnosis and verification-gated correction interface layered above EV-WM rather than a replacement world-model architecture. The implemented task-local TBox defines entity types, predicate signatures, and constraints; source-specific grounding maps predicted or simulator-observed states to task ABoxes; and deterministic rules retain each missing predicate and its arguments when assigning a route label. Learned or heuristic proposers remain separate from this symbolic interface; native task predicates determine acceptance, and the bounded protocol determines whether a failed verification is retried. In the aligned PointMaze evaluation, EV-WM and Onto-EV-WM both report 94% success, with mean final-state distances of 0.90573 and 0.61177, respectively; the separately budgeted search reaches 100% success. On LIBERO-Goal, the ontology represents failed task conditions as typed records, retains their predicate arguments,…",Physical AI and robotics,,ISRG; NVDA; ROK; TER; TSLA,002050.SZ; 601689.SS; 688041.SS; 688256.SS; 600111.SS; 000657.SZ; 300124.SZ; 688017.SS; 688322.SS,55,69,2026-08-17T13:51:57.394509+00:00
41f75797397c2220,2026-08-13,news,Google News: HBM AI server storage memory bandwidth,https://news.google.com/rss/articles/CBMiVEFVX3lxTE5FZ055bk12MUlzbHc5YVhrM3pFYU8zS01IOXJiOEFiY1dJMjVwb2FfWXp0cndZZEV1bGJXSnBEd01QNDB1dElwWjZuaVZudnRpaTUzSQ?oc=5,"Wieson Technologies Announces First-Half 2026 Operating Results: Revenue of NT$1.567 Billion, Second-Half Focus on AI Thermal Management and Robotics - taiwannews.com.tw","Wieson Technologies Announces First-Half 2026 Operating Results: Revenue of NT$1.567 Billion, Second-Half Focus on AI Thermal Management and Robotics taiwannews.com.tw",Physical AI and robotics; HBM memory and context storage; Semiconductor materials and consumables,,AMAT; AMD; ENTG; INTC; ISRG; LRCX; MU; NTAP; NVDA; PSTG; Q; ROK; SNDK; STX; TER; TSLA; TSM; WDC,001309.SZ; 002050.SZ; 002436.SZ; 300054.SZ; 301308.SZ; 601689.SS; 603986.SS; 688019.SS; 688120.SS; 688535.SS; 000021.SZ; 002156.SZ; 002409.SZ; 002916.SZ; 300236.SZ; 300346.SZ; 300604.SZ; 300666.SZ; 600206.SS; 688041.SS; 688106.SS; 688256.SS; 688268.SS; 688300.SS,72,94,2026-08-17T13:51:49.734235+00:00
d80d9413a56bcc9c,2026-08-13,news,Google News: Vera Rubin AI factory NVIDIA,https://news.google.com/rss/articles/CBMimAFBVV95cUxOY2dOaUwweHNITkE1THU2UW1SNU9TczkwMTlIY19EbngxWk82SjM2NGY2Mjhyc0c0T0d0b3RXTnNva1RSbDJid0NSZldNWXpmTVpVUWI0UkdrcGVINms2Tmk4SUYzWTFmS0p4V084ZXc3SzRVQWo0d1R3T2IzT0JWZGE2a0xRNUlkaFBDY3lwdmQta1BBSURWaQ?oc=5,Jensen Huang Just Signed 7 Japanese Industrial Giants Into Nvidia's Physical AI Coalition. Here's Why $1 Trillion in Confirmed Demand Should Matter to Investors. - The Motley Fool,Jensen Huang Just Signed 7 Japanese Industrial Giants Into Nvidia's Physical AI Coalition. Here's Why $1 Trillion in Confirmed Demand Should Matter to Investors. The Motley Fool,Physical AI and robotics; Rack-scale AI factory,NVDA,ANET; CRDO; DELL; ETN; HPE; ISRG; MRVL; NVDA; ROK; SMCI; TER; TSLA; VRT,002050.SZ; 601689.SS; 000938.SZ; 000977.SZ; 002028.SZ; 002463.SZ; 002837.SZ; 002851.SZ; 002916.SZ; 300476.SZ; 300499.SZ; 300602.SZ; 300870.SZ; 300990.SZ; 301018.SZ; 600183.SS; 601138.SS; 603228.SS; 688041.SS; 688256.SS; 688676.SS; 920808.BJ; 600111.SS; 000657.SZ,68,86,2026-08-17T13:51:49.734235+00:00
7d5c870de5e5f478,2026-08-13,news,Google News: long context inference serving KV cache AI,https://news.google.com/rss/articles/CBMie0FVX3lxTFBoXy1kRXNZbGk3YzJtV0htUTRydVJEcXZnQi1panJTLUMtSmlubjRtdW83Vk9LZHAyYmVQVjZGVVo4RzFEOTY4bW1PazV3clJPbkwwT1BsOWtEUVk5cXlsaUd1TDkwNzNoRGZEREpYSnhlNWo2ZmRLbGRBVQ?oc=5,AI Memory & Storage: GMIF 2026 Hits Shenzhen Sept 22-23 - digitimes.com,AI Memory & Storage: GMIF 2026 Hits Shenzhen Sept 22-23 digitimes.com,AI inference serving and networking; HBM memory and context storage,,AMD; AMZN; ANET; AVGO; CRDO; CRWV; GOOG; MRVL; MSFT; MU; NBIS; NTAP; NVDA; ORCL; PSTG; SNDK; STX; WDC,001309.SZ; 301308.SZ; 603986.SS; 688535.SS; 000021.SZ; 002156.SZ; 002409.SZ; 002463.SZ; 300442.SZ; 300604.SZ; 688019.SS; 688041.SS; 688256.SS; 688300.SS; 688525.SS; 002436.SZ,68,86,2026-08-17T13:51:49.734235+00:00
75f34453b423d85e,2026-08-13,news,Google News: long context inference serving KV cache AI,https://news.google.com/rss/articles/CBMic0FVX3lxTFBTN05IOXhkRnZvbkh5TDNEMkNKNzhKSXZFMVY4YXYxQW5wSE5zalppUm5LNmhTTHNvSFVLNE9JekJIY1d5dmE2cS1jMHY3cTg4aU9RR2N1Ym9GLWF3aDRmM2MzaEoyaWd4ZExoR0pRWWczcjA?oc=5,SanDisk sees KV cache driving 35% of AI data center NAND workloads by 2030 - cryptobriefing.com,SanDisk sees KV cache driving 35% of AI data center NAND workloads by 2030 cryptobriefing.com,HBM memory and context storage; AI inference serving and networking,SNDK,AMD; AMZN; ANET; AVGO; CRDO; CRWV; GOOG; MRVL; MSFT; MU; NBIS; NTAP; NVDA; ORCL; PSTG; SNDK; STX; WDC,001309.SZ; 301308.SZ; 603986.SS; 688535.SS; 000021.SZ; 002156.SZ; 002409.SZ; 002463.SZ; 300442.SZ; 300604.SZ; 688019.SS; 688041.SS; 688256.SS; 688300.SS; 688525.SS; 002436.SZ,68,86,2026-08-17T13:51:49.734235+00:00
a6798fa2f476014b,2026-08-13,news,Google News: HBM AI server storage memory bandwidth,https://news.google.com/rss/articles/CBMiywFBVV95cUxQVkxYdS1mTTFIWW93aHZJa0x1TFZ6U2dmbnlPVExockd4cVAwdUtmUkxnY1p5X2QxdVk0Z09uU1k0c0s3a1lIUThnNW9KYl9odnQ5RlVsc0NIc293UjhDTDcxM2FDOEJnUzMtallhTHZ0eWs1UWJ2RGRBV1M1TERhaHpIOENka0FTQURQSFNUNnZTUThoZ2E4YzBGaG16eGVRclJhLTVfNGpocEs3M1U2YUpOR1Z0WTFLV3ZVbTN5OHNlUWxxY0k2M0tTRQ?oc=5,Why Are Nvidia and Micron Stocks Rising? AI Infrastructure Earnings Lift Chip Shares - mexc.co,Why Are Nvidia and Micron Stocks Rising? AI Infrastructure Earnings Lift Chip Shares mexc.co,HBM memory and context storage; Rack-scale AI factory,NVDA,AMD; ANET; CRDO; DELL; ETN; HPE; MRVL; MU; NTAP; NVDA; PSTG; SMCI; SNDK; STX; VRT; WDC,001309.SZ; 301308.SZ; 603986.SS; 688535.SS; 000021.SZ; 000938.SZ; 000977.SZ; 002028.SZ; 002156.SZ; 002409.SZ; 002463.SZ; 002837.SZ; 002851.SZ; 002916.SZ; 300476.SZ; 300499.SZ; 300602.SZ; 300604.SZ; 300870.SZ; 300990.SZ; 301018.SZ; 600183.SS; 601138.SS; 603228.SS,68,86,2026-08-17T13:51:49.734235+00:00
18260bb817c4b462,2026-08-13,news,Google News: AI data center liquid cooling power,https://news.google.com/rss/articles/CBMitwFBVV95cUxOYUw2aGpSU2x0WDNvWHk5N3d6eTc1WW10RzF2Rk5PdUNsTzRzUGxtUnZydl8tcFhYaTV4c0NSbGRUWFB3YWp5VzFucWlOaWk1a2pwWXQxanY2ekpad2ZKZmJJZXdxMEpZUVNyU2U5ZTBiMjNPR0RrNDhDR3p5MkJ5bDBwN0g0N3ZDbDh5bjBVNlFlM0FVdGZ0eG5raEJOVlZoNS1aWlgzOHlyOW1qaDdJaVVnWEdpa0E?oc=5,Can Strong AI Data Center Demand Help NVT Challenge VRT & SMCI? - TradingView,Can Strong AI Data Center Demand Help NVT Challenge VRT & SMCI? TradingView,AI data center power and cooling,SMCI; VRT,BE; CAT; CEG; CVX; ETN; FLNC; GEV; LNG; NEE; OKLO; SMCI; SMR; VRT,002028.SZ; 002837.SZ; 002851.SZ; 003816.SZ; 300499.SZ; 300602.SZ; 300870.SZ; 300990.SZ; 301018.SZ; 600875.SS; 601985.SS; 688676.SS; 920808.BJ,64,78,2026-08-17T13:51:49.734235+00:00
598e81a5eb0e58b5,2026-08-13,news,Google News: AI data center liquid cooling power,https://news.google.com/rss/articles/CBMinAFBVV95cUxQRDFhSzhLRGRQQ2pCdUs4UjFMUWVyLTRkSk80ZkxSZTBIX05ZNVB3dHA4d0ptSTVuZU5xNGtHaTR2UWhDUmdtRGJQWVBxNHYyV0g3LVdDU1p6RGh1cVdJZEtMREpZdjA1WURMZV9JaTRySzl2YVk2dHE3NThfOGY1Z0pCODFDMWVIUUdNOER4TDhtX1ppVWhCcGFPM0g?oc=5,Schneider Electric: The Energy Impact of the AI & Cloud Era - Data Centre Magazine,Schneider Electric: The Energy Impact of the AI & Cloud Era Data Centre Magazine,AI data center power and cooling,SU.PA,BE; CAT; CEG; CVX; ETN; FLNC; GEV; LNG; NEE; OKLO; SMR; SU.PA; VRT,002028.SZ; 002837.SZ; 002851.SZ; 003816.SZ; 300499.SZ; 300602.SZ; 300870.SZ; 300990.SZ; 301018.SZ; 600875.SS; 601985.SS; 688676.SS; 920808.BJ,64,78,2026-08-17T13:51:49.734235+00:00
50a29b08e50314cd,2026-08-13,news,Google News: co-packaged optics AI data center CPO,https://news.google.com/rss/articles/CBMi_wFBVV95cUxNX295SnRyd0ZpMlJaX0tqT3lTV2d5STdIN2JvcnpqdlFfN2lpRVpLY2lJTnUzRnZyeHVBaFN1Z0RiU2xwZXJJRmV5OU9QUnVnZXZBeFFSMzRZbVlxTnFFb3dBYjk0c29JNXptYmpfb3lOUTFJb0h4QlhER3pQRjY0aExEN25NUVAxY053dkN3aFZCZjJ4ZVlFaXdDV3NValNnVHotZDhxWXVEYl9LOXpfX3Y2UzVNd25ZUkxIVDV5QXZjWFZjRFAxLUFQd2NNdFF2UE5jQ1Zvc3RESWpjUExsWVNnMU9XWUpJSXhHQ3BJTEpQdnQxOGFmLS1QMVpHcWs?oc=5,Sivers Semiconductors Announces $3.4M Program With SemiNex for Next-Generation InP Light Sources Used to Power AI Data Centers - Sivers Semiconductors,Sivers Semiconductors Announces $3.4M Program With SemiNex for Next-Generation InP Light Sources Used to Power AI Data Centers Sivers Semiconductors,CPO and optical interconnect,,AMAT; AMD; AMKR; ANET; ASML; CIEN; COHR; CRDO; ENTG; FN; GLW; INTC; KLAC; LITE; LRCX; MRVL; NVDA; Q; TSM,000988.SZ; 300308.SZ; 300502.SZ; 000938.SZ; 002156.SZ; 002281.SZ; 002371.SZ; 002409.SZ; 002436.SZ; 002463.SZ; 002916.SZ; 300054.SZ; 300236.SZ; 300346.SZ; 300394.SZ; 300604.SZ; 300666.SZ; 600206.SS; 688012.SS; 688019.SS; 688041.SS; 688072.SS; 688106.SS; 688120.SS,64,78,2026-08-17T13:51:49.734235+00:00
88e0381f47fc05ef,2026-08-13,news,Google News: co-packaged optics AI data center CPO,https://news.google.com/rss/articles/CBMieEFVX3lxTE54MUlLbTRFQmpjcGpUVDFRX1gyTFVWLXFTekNreWlpUG9uR1VSN2xJdlRJRUp5bVNZS3VCcnkzeHRBXzNIQ1JSZVo2eGxkOEIyNTRxbXpXV0lwSlpKNF95a19NcUhEVGFJVHVnSjEtdDdFb0ZYVHc0cA?oc=5,What Will It Take To Deploy CPO At Scale? - Semiconductor Engineering,What Will It Take To Deploy CPO At Scale? Semiconductor Engineering,CPO and optical interconnect,,ANET; CIEN; COHR; CRDO; FN; GLW; LITE; MRVL; NVDA,000988.SZ; 300308.SZ; 300502.SZ; 000938.SZ; 002281.SZ; 002463.SZ; 300394.SZ; 688041.SS; 688256.SS; 688498.SS,64,78,2026-08-17T13:51:49.734235+00:00
39dbe85c37ba7705,2026-08-13,news,Google News: co-packaged optics AI data center CPO,https://news.google.com/rss/articles/CBMikgFBVV95cUxOdTR0dW82UlVZLTJORWhEX2xVSFdabG5oTnoyVU5YYXJ5UDgyZUNFOGVhNl80MGpOZlpDTVBTN2hkdzRUWHBkU1BUSHkyVzM1ZUxoSlkwVmVNTnhneFdtNjZSUUxzZUZ1dG5KTDlQWTBBckE3azViNnlWMVY3d0JkMlh5aGgzRzhtMU5rSDA2MzdyZw?oc=5,Barium Titanate Stakes Its Claim as a Material Platform for Next-Gen Optical Engines | Features | Aug 2026 - Photonics Spectra,Barium Titanate Stakes Its Claim as a Material Platform for Next-Gen Optical Engines | Features | Aug 2026 Photonics Spectra,CPO and optical interconnect,,ANET; CIEN; COHR; CRDO; FN; GLW; LITE; MRVL; NVDA,000988.SZ; 300308.SZ; 300502.SZ; 000938.SZ; 002281.SZ; 002463.SZ; 300394.SZ; 688041.SS; 688256.SS; 688498.SS,64,78,2026-08-17T13:51:49.734235+00:00
b07c783b4128809d,2026-08-13,news,Google News: long context inference serving KV cache AI,https://news.google.com/rss/articles/CBMicEFVX3lxTE9EOGl6LWRGdk9XbXhVSE40NWpqcHhBbDROMmpEUGQ4Yk13X0FxN0p1Vmh3c2ptRTBVR3hSeDJmMmN6ZVlITkxVOEI3ekE5WUg0d2NJcURyRllVUFhoaWNTSFkzT3FaQlE2M1ZYRUVLNXg?oc=5,SanDisk locks in $93.9B in contracted revenue from just 8 customers - cryptobriefing.com,SanDisk locks in $93.9B in contracted revenue from just 8 customers cryptobriefing.com,AI inference serving and networking,SNDK,AMD; AMZN; ANET; AVGO; CRDO; CRWV; GOOG; MRVL; MSFT; NBIS; NVDA; ORCL; SNDK,000021.SZ; 001309.SZ; 002156.SZ; 002463.SZ; 300442.SZ; 301308.SZ; 688041.SS; 688256.SS; 688525.SS,64,78,2026-08-17T13:51:49.734235+00:00
fcd8a97b59aa3ab6,2026-08-13,news,Google News: HBM AI server storage memory bandwidth,https://news.google.com/rss/articles/CBMi2AFBVV95cUxPaVhQVGlEN2tkWjNkaHBzU1FxOUdoZ0kxUWNYWms4QjhMMGUtblMyaVJBck1YNjNpVlhaX0hlenR4dTlFU2RsMXlzbkxkbS1PMFEwLVcxRC1qbVdra1gwb2FCYmlLaGwwMC1GSFdybENvS1dfbHU1Sl9OUWlzRE1JQ1FHeUdZN0VzcnhjSnM0NW02YkxiSDZEQ1hPRDduSnpwaUN6cG1tb2pHbnhUcU1ZQ2tyd3ZlTlkzRXNCOHBmRXdsYUhHZHdFUVJvTTAtV1MxaGg5Wmlncy3SAd4BQVVfeXFMUEFVMUVyZTNDcU1ldmhLdlVXT05NNm1fb3dPbkNxRlEyZEFuWXk1RG9FTHMyYkpVRGFyNllEODJhNTRsdzJNSnBaeEFWbFpZTDF1c1ozbVYtMHd4SjdKVXFZYl9HZHpFQTZFVGE4MmdESFRxdERmQ2w5YU…,Why Is Samsung Electronics (KOSE:A005930) Resetting Its Memory IP Ties Now? - simplywall.st,Why Is Samsung Electronics (KOSE:A005930) Resetting Its Memory IP Ties Now? simplywall.st,HBM memory and context storage,NOW,AMD; MU; NOW; NTAP; NVDA; PSTG; SNDK; STX; WDC,001309.SZ; 301308.SZ; 603986.SS; 688535.SS; 000021.SZ; 002156.SZ; 002409.SZ; 300604.SZ; 688019.SS; 688041.SS; 688256.SS; 688300.SS; 688525.SS; 002436.SZ,64,78,2026-08-17T13:51:49.734235+00:00
74fa259d28a9c9c0,2026-08-13,news,Google News: HBM AI server storage memory bandwidth,https://news.google.com/rss/articles/CBMixAFBVV95cUxPNlVqRExFa2JVN25WMlZOcjlOZ2hjTlRQZ0RreGY3UEo4Rlo5UElJVURfTTVweVd3b0wtOHZKYS1mekZaT3haQnpMbzFmQ3hKWGg0c2ZaLWlJOHV4QmFVZjBJbkY3QzB1b01TSHdxdHJqSlJwWE96aVNidXBnS1NpZ0FFOWpMQkxMUjVwaUNzMmVEMV9kbjlHNXdfMkhWMjRsRS1sM2JvWnk4V2xpT3R1eDl6c0xNZ05USDRFQW53VktPVmdJ?oc=5,Credo Targets AI's Memory Wall With Open Chiplet Interconnect Standard - TradingView,Credo Targets AI's Memory Wall With Open Chiplet Interconnect Standard TradingView,HBM memory and context storage,,AMD; MU; NTAP; NVDA; PSTG; SNDK; STX; WDC,001309.SZ; 301308.SZ; 603986.SS; 688535.SS; 000021.SZ; 002156.SZ; 002409.SZ; 300604.SZ; 688019.SS; 688041.SS; 688256.SS; 688300.SS; 688525.SS; 002436.SZ,64,78,2026-08-17T13:51:49.734235+00:00
cc1ce18e59f33db4,2026-08-13,news,Google News: AI PCB CCL advanced packaging server,https://news.google.com/rss/articles/CBMisAFBVV95cUxOelR5d1ljZHRoTFpCdTdGSGN0Mlg3aWJRZWJnbjZNWlZrMnloRkNDZVJPNVBfME5VclNTay0xTThXYkhOUkw4MVl2cDdGV040TDY5d1FxRHo5UnhtQnZmWmlTdlpsRkhMdUFqOVZRN19UaTBtMVdoVVpmc1NxY3I2TnR1ME84a1FrZnE1U0dOUVNQVlJGR0gwbV91aW1FbnE4b1BjamZXNkVubkEtMHJiRQ?oc=5,China Merchants Securities: AI PCB enters peak stocking season; bullish on the rebound and sustainability of the PCB sector - Moomoo,China Merchants Securities: AI PCB enters peak stocking season; bullish on the rebound and sustainability of the PCB sector Moomoo,AI PCB and advanced packaging,,AMKR; ANET; ASML; AVGO; DELL; INTC; MRVL; NVDA; TSM,002436.SZ; 002463.SZ; 002916.SZ; 300476.SZ; 600183.SS; 603228.SS; 688300.SS; 000938.SZ; 000977.SZ; 002156.SZ; 002371.SZ; 002409.SZ; 300054.SZ; 300236.SZ; 300346.SZ; 300604.SZ; 300666.SZ; 300870.SZ; 600206.SS; 601138.SS; 688012.SS; 688019.SS; 688041.SS; 688072.SS,64,78,2026-08-17T13:51:49.734235+00:00
8441ecf07c8eab35,2026-08-13,news,Google News: US domestic semiconductor supply chain advanced packaging materials equipment,https://news.google.com/rss/articles/CBMimgFBVV95cUxNYnhYVlFHcUZXSnNLZ01fekVwWEZzZ1o2azl4TDQ0b1pVMHZyUGl2QnFVbHJtTlNtNndOWjZPSlBhVFhwMU40LTBkMnBkZ3I5VVdoLWVETnRjNWJxVzlmY3BZWFV2SE9wNUpWMERJZzRMcWd0UEJReEl0RnloUE15MW51SFA1dlpJMzRucHpsOUpkT1RIY2ZQZjZB?oc=5,Why Export Controls Won’t Win the AI Race with China - The National Interest,Why Export Controls Won’t Win the AI Race with China The National Interest,Semiconductor materials and consumables,,AMAT; ENTG; INTC; LRCX; Q; TSM,300054.SZ; 688019.SS; 688120.SS; 002409.SZ; 002436.SZ; 002916.SZ; 300236.SZ; 300346.SZ; 300666.SZ; 600206.SS; 688106.SS; 688268.SS; 688300.SS; 688535.SS,62,78,2026-08-17T13:51:49.734235+00:00
5751a31a33fdc51b,2026-08-13,news,Google News: US domestic semiconductor supply chain advanced packaging materials equipment,https://news.google.com/rss/articles/CBMiiAFBVV95cUxQTFNPbEd0b0FrcHVxamlNUmxhMUdaUzBGWkdKT2pELWFZRW5vajF1bzVzVklIZm1SR3dLMHM1Sm9xMk5vQzcyMmFjazBVLWZubkV5ZTRpWmUtZ1NsX21SUjdVRk1VbmRSZ19wVV9vcXBrMWEwTHM1RXc1c3NSd2Iyb1lRTTF2LXdH?oc=5,TSMC × Sony vs. China’s Rising CIS Ecosystem: The Next Front in Semiconductor Competition - semivision,TSMC × Sony vs. China’s Rising CIS Ecosystem: The Next Front in Semiconductor Competition semivision,Semiconductor materials and consumables,,AMAT; ENTG; INTC; LRCX; Q; TSM,300054.SZ; 688019.SS; 688120.SS; 002409.SZ; 002436.SZ; 002916.SZ; 300236.SZ; 300346.SZ; 300666.SZ; 600206.SS; 688106.SS; 688268.SS; 688300.SS; 688535.SS,62,78,2026-08-17T13:51:49.734235+00:00
c15fb2b80582fc5b,2026-08-13,news,Google News: US domestic semiconductor supply chain advanced packaging materials equipment,https://news.google.com/rss/articles/CBMi2wFBVV95cUxONjdwUUVTY1pJZHBaX3U3UzNia3M0VkRwUEhFc1dZZkdGZHZ0SlNzTjhRUlZjQVJtY1hZMm9kcWNMa3F2MDhyYXpxbnE0bW1GYUFHUTJFOEJMQ2dCSGtCQ1VlenZqRGtRRnM4a3hQREhrbHZ6UkVtblVnYlhjeGRhYUp6MWV4TEFxMHR2LUNfZVhqLVMzZ0xURXUtTGtLWjZxLWtaMFRnWUE2cTROV191dEtYeEdvWjFpR3Z2dGliWU8wQm9DSXVUMUNpYjkxWk9TWDJBLXZYUXNHeWc?oc=5,CO26173 | Trusted Interdependence: A Singapore-India Semiconductor Partnership in an Age of Geopolitical Shocks - S. Rajaratnam School of International Studies (RSIS),CO26173 | Trusted Interdependence: A Singapore-India Semiconductor Partnership in an Age of Geopolitical Shocks S. Rajaratnam School of International Studies (RSIS),Semiconductor materials and consumables,,AMAT; ENTG; INTC; LRCX; Q; TSM,300054.SZ; 688019.SS; 688120.SS; 002409.SZ; 002436.SZ; 002916.SZ; 300236.SZ; 300346.SZ; 300666.SZ; 600206.SS; 688106.SS; 688268.SS; 688300.SS; 688535.SS,62,78,2026-08-17T13:51:49.734235+00:00
2390b9b038eaecb9,2026-08-13,news,Google News: physical AI robotics world model,https://news.google.com/rss/articles/CBMixwFBVV95cUxPbklwX2lyZHY4bnJRYVhlUlE5ZHVvTWtJakhrUHRid2piZ2o3bElyU1hLYXZqUXN6TjVIR1J2cS02NGRqSzVUaDR4LU1QdG1tX3J1VjJhUFdmejNRakppaFVScm1NMXpLbF9mdTc5c2lzMV9UUi0xR3B1MlNTbENPdGVseGdueThDS21LaU54WUgwS2RtdmVod1ZFSGhUa2pXLXBtZFhwamw4dk9xWVpWMm5fY1lXM1VsamhkQjNaVWdJLUpPSGFn?oc=5,LTX launches new free-to-use open world model for video and physical AI - Robotics & Automation News,LTX launches new free-to-use open world model for video and physical AI Robotics & Automation News,Physical AI and robotics,,ISRG; NVDA; ROK; TER; TSLA,002050.SZ; 601689.SS; 688041.SS; 688256.SS; 600111.SS; 000657.SZ; 300124.SZ; 688017.SS; 688322.SS,61,75,2026-08-17T13:51:49.734235+00:00
bfadda7aac772315,2026-08-13,news,Google News: physical AI robotics world model,https://news.google.com/rss/articles/CBMi1gFBVV95cUxOTU1id1BIQWdsYklwUklmX19XSWNsN3lvWTNCLVVPaWxaOW5zR05XVXZhWVZDV0hCMjJjOXk0WFZhMnpjSzUydzlaeVVJNmV5bDNWZ20zdmNBY0MzZTZDSEFOc3lwWGdpTTlRMXFfTGptZlpvN1pXTG1hdk9hVHVjX0FldmJtMjhpbmRSbVNmQmxWZkVvQjN6akdVSkludThrTWpFRl93WlVHMXd5UHFIRGhDekxzQjM4Q3Q1SmNZRWNCY2M2Y21FVUFqN3g3OFc4d0NMTWhn0gHbAUFVX3lxTFBNOGs3V3FOdlpaOE81MHItdHRzTUdwc0duRnZXWmxBaFlDODRQbm5TYlRTbUFHd0lpaGNhMWdENTdyMk9DT1dfZ0s5QUpMdWhEZ19yVTZ5MXhOSVBzSEJtZnBwa3dWaFlRbEUtRndZeGRlY3BwQU9WWVdOUV…,Dyna Robotics Introduces Dyna-2: A World-Action Model Pre-Trained on 1 Million Hours of Human Video - MarkTechPost,Dyna Robotics Introduces Dyna-2: A World-Action Model Pre-Trained on 1 Million Hours of Human Video MarkTechPost,Physical AI and robotics,,ISRG; NVDA; ROK; TER; TSLA,002050.SZ; 601689.SS; 688041.SS; 688256.SS; 600111.SS; 000657.SZ; 300124.SZ; 688017.SS; 688322.SS,61,75,2026-08-17T13:51:49.734235+00:00
fa2fefd00950e130,2026-08-13,news,Google News: physical AI robotics world model,https://news.google.com/rss/articles/CBMigwFBVV95cUxPdUtzNFhNeENXNllTbmpSVThuOFNSbk5ud1M4T3hiTWV2ZEJZVVNYNmtna0JRZjZBRnN4SmhkOVp5YUtwRFBMUldyWUlHd2IwZ3AzajliVG9TVFRldWF0UkdhbE0xNncycklWSjhLdGlRTlp6YXJkNjZrOVIwYlBYYVpjaw?oc=5,Robots are prompting hard questions before they arrive - PRWeek,Robots are prompting hard questions before they arrive PRWeek,Physical AI and robotics,,ISRG; NVDA; ROK; TER; TSLA,002050.SZ; 601689.SS; 688041.SS; 688256.SS; 600111.SS; 000657.SZ; 300124.SZ; 688017.SS; 688322.SS,61,75,2026-08-17T13:51:49.734235+00:00
446441ddf7a6da06,2026-08-13,arxiv,arXiv: Long context and KV cache,https://arxiv.org/abs/2608.13426v1,Reduced Matrix Multiplication: Input-Adaptive Matrix-Product Reduction for LLM Inference,"Transformer-based language models achieve strong performance but incur substantial inference cost due to repeated high-dimensional matrix multiplications. We propose Reduced Matrix Multiplication (RMM), a training-free, input-adaptive inference method that reduces Transformer matrix products by selecting informative slices along their contraction dimensions, without modifying model weights. Under a simple retention-ratio control, RMM provides a smooth and predictable accuracy-efficiency trade-off. Across language models ranging from 1B to 70B parameters, we find that reduction tolerance depends on the model family, task, component, and retention ratio, although it often improves with model scale. Under moderate reduction, RMM remains robust across the evaluated discriminative, autoregressive generation, and long-context settings. We further show that the same principle extends to multimodal vision-language inference. Mechanistic ablations reveal a structural asymmetry within Transformers: attention-side computations are substantially more reducible than MLP components. Finally, wall-clock benchmarks with custom kernels on an NVIDIA A100 show that these computational savings can tr…",HBM memory and context storage,,AMD; AMZN; GOOG; MSFT; MU; NTAP; NVDA; ORCL; PSTG; SNDK; STX; WDC,001309.SZ; 301308.SZ; 603986.SS; 688535.SS; 000021.SZ; 002156.SZ; 002409.SZ; 300604.SZ; 688019.SS; 688041.SS; 688256.SS; 688300.SS; 688525.SS; 002436.SZ,58,72,2026-08-17T13:51:57.394509+00:00
b69d3b4e664618a3,2026-08-13,arxiv,arXiv: Long context and KV cache,https://arxiv.org/abs/2608.13334v1,RippleMem: From Isolated Retrieval to Associative Recollection for Long-Term Agent Memory,"LLM-based agents increasingly rely on external memory to support long-horizon reasoning and interaction. However, the main bottleneck is not simply storing past experience, but recovering the right set of evidence when relevant information is distributed across many interactions. Existing approaches struggle with this access problem. Full-context methods require noisy long-context search, flat retrieval often returns isolated and incomplete records, and graph-based memory systems can be expensive to construct while compressing rich event context. We introduce RippleMem, a long-term memory system that replaces one-shot retrieval with adaptive associative recollection. Inspired by cue-dependent episodic retrieval and associative completion, RippleMem stores interaction history as cue-rich episodic memory units and organizes them in an event-centric memory graph. Given a query, it first recalls relevant memory anchors through hybrid cues, then expands from these anchors along semantic and structural associations to recover missing supporting evidence. In this way, initially recalled memories serve not only as answer context, but also as cues for completing the evidence needed to answ…",HBM memory and context storage,,AMD; AMZN; BE; GOOG; MSFT; MU; NTAP; NVDA; ORCL; PSTG; SNDK; STX; WDC,001309.SZ; 301308.SZ; 603986.SS; 688535.SS; 000021.SZ; 002156.SZ; 002409.SZ; 300604.SZ; 600875.SS; 688019.SS; 688041.SS; 688256.SS; 688300.SS; 688525.SS; 002436.SZ,58,72,2026-08-17T13:51:57.394509+00:00
a8f9128382ec082a,2026-08-13,arxiv,arXiv: KV cache and inference memory,https://arxiv.org/abs/2608.13831v1,VoiceChat-TTS: A Low-Latency Continuous Speech Synthesis Model for Interactive Agents,"Spoken dialogue is a natural form of human--computer interaction, yet most speech language models remain limited to turn-based operation and lack real-time adaptability, such as user barge-in. Recent duplex speech-to-speech and speech-to-text models reduce latency by replacing multi-stage pipelines, but often compromise speech quality because accurate ASR, interruption handling, and high-fidelity synthesis must be optimized jointly. We propose VoiceChat-TTS, a low-latency, continuous, and streamable text-to-speech model for interactive agents. VoiceChat-TTS is driven directly by LLM text-token streams, supports explicit interruption via control tokens, and produces silence when no textual input is available. The model enables always-on, responsive speech generation while preserving modularity and high speech quality, and it supports mid-utterance interruptions without resetting the KV cache.",HBM memory and context storage,,AMD; BE; MU; NTAP; NVDA; PSTG; SNDK; STX; WDC,001309.SZ; 301308.SZ; 603986.SS; 688535.SS; 000021.SZ; 002156.SZ; 002409.SZ; 300604.SZ; 600875.SS; 688019.SS; 688041.SS; 688256.SS; 688300.SS; 688525.SS; 002436.SZ,58,72,2026-08-17T13:51:57.394509+00:00
f63f7e66c31df355,2026-08-13,arxiv,arXiv: Mixture of experts,https://arxiv.org/abs/2608.13335v1,Neural Quadratic Forms: A Unified Minimal Model for Sudden Learning and Scaling Laws,"Neural networks trained by gradient descent on a smooth cost function can nevertheless learn in steps: the cost holds on long plateaus and then drops abruptly. Meanwhile, training losses instead follow smooth power laws. Variants of both behaviors occur in architectures with very different microscopic structures, which is the signature of a few relevant collective variables. We show that a symmetry fixes what those variables are: a network layer is a sum over interchangeable units, so relabeling the units leaves it unchanged; given smoothness and the condition that a unit's gradient vanish at the origin, symmetry then enforces a universal leading form for the expansion about the near-zero weights present at the start of training, the quadratic $\Tr[WW^{\top}A(x)]$, in which every architectural detail is confined to a single ``structure matrix"" $A(x)$ that we compute for each architecture. Perceptrons, attention layers, mixtures of experts, and convolutions become one model at different $A$. Its training dynamics then close on the ``order parameter"" $M=WW^{\top}$ and, whenever the data matrices share an eigenbasis, reduce to a Lotka--Volterra equation whose modes switch on one afte…",AI inference serving and networking,,AMD; AMZN; ANET; AVGO; CRDO; CRWV; GOOG; MRVL; MSFT; NBIS; NVDA; ORCL,002156.SZ; 002463.SZ; 300442.SZ; 688041.SS; 688256.SS,58,72,2026-08-17T13:51:57.394509+00:00
eab57b4ec7b96b51,2026-08-13,arxiv,arXiv: Speculative decoding,https://arxiv.org/abs/2608.13524v1,DARTree: Speculative Diffusion Decoding with Autoregressive Draft Trees,"Speculative decoding losslessly accelerates autoregressive language models by verifying multiple draft tokens in parallel. Diffusion-based drafters further reduce proposal latency by predicting an entire token block in parallel, but their position-wise distributions are marginal rather than conditioned on tokens selected along each draft path. Existing recurrent correction incorporates causal information along a single draft chain, whereas diffusion-based tree construction broadens candidate coverage without carrying this correction along individual branches. We introduce DARTree, a training-free speculative decoding method that extends a pretrained AR correction head from chains to trees. DARTree first constructs a fixed-width candidate tree by expanding and scoring all nodes at each depth in a single batch, and then only applies best-first pruning to select the verification tree, decoupling AR-head inference from sequential heap operations. Across seven math, code, and chat benchmarks, DARTree achieves the highest average acceptance length and speedup in all four model--temperature configurations, accepting up to 12.97 tokens per verification round, 98.6\% more than DFlash and 2…",AI inference serving and networking,,AMD; AMZN; ANET; AVGO; CRDO; CRWV; GOOG; MRVL; MSFT; NBIS; NVDA; ORCL,002156.SZ; 002463.SZ; 300442.SZ; 688041.SS; 688256.SS,58,72,2026-08-17T13:51:57.394509+00:00
03d9513541648063,2026-08-13,arxiv,arXiv: Speculative decoding,https://arxiv.org/abs/2608.13505v1,Intern-S2-Preview: Scientific Agentic Foundation Model,"Scientific discovery increasingly requires AI systems that can reason over scientific evidence of heterogeneous modalities, interact with scientific tools and environments, and sustain progress across long task horizons. We present Intern-S2-Preview, a series of scientific agentic foundation models designed to support multimodal scientific understanding, reasoning, generation, and long-horizon tasks. The training pipeline begins with scientific multimodal pre-training over rendered scientific documents, interleaved image-text data, and diverse scientific corpora. Starting from the pretrained checkpoint, we apply a unified post-training pipeline consisting of supervised fine-tuning, scalable multi-task reinforcement learning (RL), black- and white-box agentic RL, and on-policy distillation. This pipeline is supported by practical techniques that improve rollout and training stability and efficiency, including partial rollout with off-policy correction, adaptive length regularization, online speculative decoding, robust multi-task optimization, and trace-aware experience assembly for agentic tasks. At the architecture level, Intern-S2-Preview-397B extends time series modelling from…",AI inference serving and networking,,AMD; AMZN; ANET; AVGO; CRDO; CRWV; GOOG; MRVL; MSFT; NBIS; NVDA; ORCL,002156.SZ; 002463.SZ; 300442.SZ; 688041.SS; 688256.SS,58,72,2026-08-17T13:51:57.394509+00:00
c289296b2f1f4caf,2026-08-13,arxiv,arXiv: World models and robotics,https://arxiv.org/abs/2608.13678v1,hint$^2$: Hierarchical World Models for Inference-Time Temporal Logic Guidance,"A central goal of robot learning is to enable robots to execute rich instructions specified at runtime. Large-scale language-conditioned policies have made substantial progress toward this goal, yet still struggle with temporal structure and safety constraints. Linear Temporal Logic (LTL) provides a powerful language to express complex, non-Markovian instructions. However, guiding learned manipulation policies toward LTL satisfaction remains challenging because modern policies generate short-horizon action chunks and replan in closed loop, while almost all LTL specifications are evaluated over long-horizon trajectories. In this paper, we introduce hint$^2$, a method for guiding short-horizon policies toward satisfying complex LTL specifications at inference time using hierarchical world models. Our key idea is to derive two separate guidance objectives using each world model's abstraction level. A high-level model predicts future action-induced transitions in task-relevant atomic propositions to guide progress through the LTL automaton, while a low-level dynamics model predicts immediate state evolution for accurate local safety guidance. Our results show that hint$^2$ overcomes t…",Physical AI and robotics,,ISRG; NVDA; ROK; TER; TSLA,002050.SZ; 601689.SS; 688041.SS; 688256.SS; 600111.SS; 000657.SZ; 300124.SZ; 688017.SS; 688322.SS,55,69,2026-08-17T13:51:57.394509+00:00
b5d205f775ed4ad2,2026-08-13,arxiv,arXiv: World models and robotics,https://arxiv.org/abs/2608.13489v1,DreamX-Phi 1.0: Action-Conditioned Video World Model for Robotic Manipulation,"We present \textbf{DreamX-Phi 1.0}, an action-conditioned video world model for robotic manipulation that, given an observed frame, a language instruction, and a prescribed action sequence comprising end-effector poses and gripper states, predicts the resulting future observations. Yet realism alone does not guarantee faithfulness: a convincing rollout can still move the wrong arm or lose the manipulated object. To ensure the prediction respects each arm's commanded path, we inject per-arm $\mathrm{SE}(3)$ transformations into attention via \textbf{PRoPE-style geometric encoding}, preserving arm identity and rigid-motion structure. Action control alone does not fully constrain scene geometry or the evolution of small manipulated objects. We therefore add a lightweight \textbf{depth branch} for scene-level geometry and use \textbf{SAM3 masks} with a frozen \textbf{V-JEPA teacher} to maintain object consistency throughout grasping. We further distill the multi-step generator into a few-step student via distribution-matching distillation for efficient deployment. At the time of writing, \model{} achieves first place on Track~1 and second place on Track~2 of the WorldArena~2.0 Challen…",Physical AI and robotics,,ISRG; NVDA; ROK; TER; TSLA,002050.SZ; 601689.SS; 688041.SS; 688256.SS; 600111.SS; 000657.SZ; 300124.SZ; 688017.SS; 688322.SS,55,69,2026-08-17T13:51:57.394509+00:00
f283969ca102edd8,2026-08-13,arxiv,arXiv: World models and robotics,https://arxiv.org/abs/2608.13438v1,ContactGuard: Pre-Contact Execution Monitoring with Action-Conditioned Latent World Models,"Contact-rich manipulation failures are often detected only after the robot has committed to contact. This is especially limiting in wrist-camera setups: close gripper--object views help observe contact, but a poor approach may already push, miss, slip, or disturb the object before conventional detectors react. We introduce \emph{ContactGuard}, a pre-contact execution monitor for chunked visuomotor policies. Given the policy's planned action chunk, ContactGuard predicts its short-horizon consequence in latent visual space and aborts if the predicted future latent indicates likely failure. Its latent world model is trained from unlabelled robot trajectories to predict compact multi-view visual embeddings under planned actions, avoiding pixel-level video prediction. A lightweight failure probe is then trained from a small labelled set of pre-contact clips. At deployment, ContactGuard anchors prediction before an imminent contact event, rolls the model forward under the policy's own actions, and verifies the predicted post-contact latent. Across real-world contact-rich manipulation tasks, ContactGuard predicts failure more accurately than direct and corrupted-action ablations, and tra…",Physical AI and robotics,,ISRG; NVDA; ROK; TER; TSLA,002050.SZ; 601689.SS; 688041.SS; 688256.SS; 600111.SS; 000657.SZ; 300124.SZ; 688017.SS; 688322.SS,55,69,2026-08-17T13:51:57.394509+00:00
66b2d2d9c10e61d0,2026-08-13,arxiv,arXiv: World models and robotics,https://arxiv.org/abs/2608.13103v1,S2-HWM: Sparse Event-Structured Hierarchical World Model for Long-Horizon Surgical Robot Manipulation,"Long-horizon surgical robot manipulation is challenging because task rewards are sparse, while meaningful interaction changes occur at irregular intervals. Existing world-model agents typically imagine at primitive-step resolution, leaving variable-duration task progress implicit. Manually specified stages can provide intermediate structure, but their task specific boundaries are difficult to align with state-dependent interaction transitions. We propose S2-HWM, a Sparse Event-Structured Hierarchical World Model that learns sparse event evidence from primitive latent trajectories to coordinate an event-level manager and a primitive-step worker. The event evidence schedules manager goal updates, and each selected latent goal conditions the worker's primitive actions until the next update. The learned event evidence also forms variable-duration segments for an Event Transition Model (ETM), which predicts the next?boundary stochastic state, segment duration, and accumulated segment reward. Chaining these event-level predictions provides a variable-duration continuation beyond the primitive imagination horizon for manager learning, while the worker retains primitive-step actor-critic…",Physical AI and robotics,,ISRG; NVDA; ROK; TER; TSLA,002050.SZ; 601689.SS; 688041.SS; 688256.SS; 600111.SS; 000657.SZ; 300124.SZ; 688017.SS; 688322.SS,55,69,2026-08-17T13:51:57.394509+00:00
a6761f061f1f9b97,2026-08-13,arxiv,arXiv: World models and robotics,https://arxiv.org/abs/2608.13049v1,H2R-Bench: Benchmarking Human-to-Robot Manipulation Video Generation in World Models,"Large-scale manipulation data is essential for robot learning, yet collecting robot demonstrations remains expensive and difficult to scale. Meanwhile, abundant egocentric human manipulation videos provide rich behavioral experiences, but transferring them across embodiments remains challenging due to differences between human hands and robotic end-effectors. Recent advances in video world models offer a promising pathway to synthesize robot-centric manipulation videos from human observations, while their cross-embodiment transfer capability remains largely unexplored. Therefore, we introduce H2R-Bench, a benchmark for evaluating cross-embodiment human-to-robot manipulation video generation, where models transform egocentric human demonstrations into robot manipulation videos under specified embodiments. Each benchmark instance contains a human demonstration video, target embodiment constraints, and source-grounded annotations covering task goals, action events, functional contacts, and object responses. H2R-Bench evaluates generated videos through five dimensions, including goal-state completion, action-event completion, functional contact transfer, embodiment correctness, and ge…",Physical AI and robotics,,ISRG; NVDA; ROK; TER; TSLA,002050.SZ; 601689.SS; 688041.SS; 688256.SS; 600111.SS; 000657.SZ; 300124.SZ; 688017.SS; 688322.SS,55,69,2026-08-17T13:51:57.394509+00:00
001428fcc7a29c39,2026-08-13,arxiv,arXiv: World models and robotics,https://arxiv.org/abs/2608.12854v1,BrainWAM: Action-Space Coordination of Semantic Priors and Predictive Dynamics for Autonomous Driving,"Autonomous driving requires planning under both semantic constraints and predictive dynamics. Existing end-to-end driving approaches, however, typically emphasize only one side of this requirement: Vision-Language-Action (VLA) models exploit VLM priors for semantic reasoning, while World Action Models (WAMs) provide future-aware prediction through generative world modeling. This naturally motivates a unified planner that can leverage both semantic priors and predictive dynamics. However, we find that a naive combination through joint token-level attention suffers from an attention-allocation mismatch, where semantic shortcuts dominate the shared attention space and suppress predictive dynamics. Inspired by neuroscience evidence that complex behavior arises from coordination among functionally specialized systems, we propose BrainWAM, a structured action-space coordination framework that converts semantic reasoning and predictive world modeling into two specialized action-oriented pathways, and aligns them at the level of compact action representations. We further introduce an asynchronous rectified-flow inference strategy with decoupled video and action denoising, which shortens i…",Physical AI and robotics,,ISRG; NVDA; ROK; TER; TSLA,002050.SZ; 601689.SS; 688041.SS; 688256.SS; 600111.SS; 000657.SZ; 300124.SZ; 688017.SS; 688322.SS,55,69,2026-08-17T13:51:57.394509+00:00
4165eaa3b49416fe,2026-08-12,official,NVIDIA Blog,https://blogs.nvidia.com/blog/nvidia-life-glassdoor-best-ceo-2026/,NVIDIA CEO Tops Glassdoor’s 2026 List of Best CEOs,"NVIDIA founder and CEO Jensen Huang is ranked No. 1 on Glassdoor’s Best CEOs list for 2026. In the just-released ranking, recognition is earned directly from the people who know their leadership the best — employees. Huang topped the list, with 99% of employees approving of the job he does. “As AI and shifting expectations […]",HBM memory and context storage,NVDA,AMD; MU; NTAP; NVDA; PSTG; SNDK; STX; WDC,001309.SZ; 301308.SZ; 603986.SS; 688535.SS; 000021.SZ; 002156.SZ; 002409.SZ; 300604.SZ; 688019.SS; 688041.SS; 688256.SS; 688300.SS; 688525.SS; 002436.SZ,90,94,2026-08-17T13:51:49.734235+00:00
88a1e60b8a407981,2026-08-12,official,NVIDIA Blog,https://blogs.nvidia.com/blog/nvidia-ai-factory-compute/,NVIDIA AI Factory Compute Is Becoming an Investable Asset Class,"We announced partnerships with Apollo, BlackRock, Blackstone, Brookfield, Goldman Sachs and KKR to establish independent financing platforms designed to mobilize over $500 billion of third-party capital to support the buildout of AI infrastructure over time. This is a major milestone for NVIDIA and the AI industry. We have moved from an era in which companies […]",Rack-scale AI factory,NVDA,ANET; CRDO; DELL; ETN; HPE; MRVL; NVDA; SMCI; VRT,000938.SZ; 000977.SZ; 002028.SZ; 002463.SZ; 002837.SZ; 002851.SZ; 002916.SZ; 300476.SZ; 300499.SZ; 300602.SZ; 300870.SZ; 300990.SZ; 301018.SZ; 600183.SS; 601138.SS; 603228.SS; 688041.SS; 688256.SS; 688676.SS; 920808.BJ,90,94,2026-08-17T13:51:49.734235+00:00
f8bab5147b9742ee,2026-08-12,official,AWS Machine Learning Blog,https://aws.amazon.com/blogs/machine-learning/tiered-kv-cache-for-large-llms-on-amazon-sagemaker-hyperpod-with-curvine/,Tiered KV cache for large LLMs on Amazon SageMaker HyperPod with Curvine,"Running large language model inference at scale forces a KV cache trade-off: oversized GPU instances or slow time-to-first-token. This post builds a tiered KV cache on Amazon SageMaker HyperPod that extends the cache into a shared, distributed NVMe pool with Curvine, so replicas reuse cache at near-local-disk speeds on cost-efficient instances.",HBM memory and context storage,AMZN,AMD; AMZN; MU; NTAP; NVDA; PSTG; SNDK; STX; WDC,001309.SZ; 301308.SZ; 603986.SS; 688535.SS; 000021.SZ; 002156.SZ; 002409.SZ; 300604.SZ; 688019.SS; 688041.SS; 688256.SS; 688300.SS; 688525.SS; 002436.SZ,90,94,2026-08-17T13:51:49.734235+00:00
1151cdef78236b5e,2026-08-12,news,Google News: co-packaged optics AI data center CPO,https://news.google.com/rss/articles/CBMi5wFBVV95cUxORFlTWkZyNjh3TlJfaE1YVGtPMHl1b1hHLXVUbkU4TXNJeV8ydGJodXlHV2hEVU1vNFpwQXBzOGZDWWtJNmhHOWFCaG93b0Q4MkV5N3A4WnlBcXZHU0RHN3BTUHZCbXB1ZlVEU0ppdVlJSkNUNmNxakRkWTg2NE9ueGVGenpTeDRCazUtRnhvcWZabGdkV2I5Q190QVY0V2NyZENMOWJUUVV6dUxIZGVUMDBQUTA0eTIzZ3JFQ3dPZDRJM0swMFhuNTBlekhqSDhybklscFJVbS13OFYwX1dKZ2ttaGk1cVk?oc=5,Photonics Emerges As the Next AI Infrastructure Trade: ETFs in Focus - The Globe and Mail,Photonics Emerges As the Next AI Infrastructure Trade: ETFs in Focus The Globe and Mail,CPO and optical interconnect; Rack-scale AI factory,,ANET; CIEN; COHR; CRDO; DELL; ETN; FN; GLW; HPE; LITE; MRVL; NVDA; SMCI; VRT,000988.SZ; 300308.SZ; 300502.SZ; 000938.SZ; 000977.SZ; 002028.SZ; 002281.SZ; 002463.SZ; 002837.SZ; 002851.SZ; 002916.SZ; 300394.SZ; 300476.SZ; 300499.SZ; 300602.SZ; 300870.SZ; 300990.SZ; 301018.SZ; 600183.SS; 601138.SS; 603228.SS; 688041.SS; 688256.SS; 688498.SS,68,86,2026-08-17T13:51:49.734235+00:00
3ff92ab909baa65e,2026-08-12,news,Google News: long context inference serving KV cache AI,https://news.google.com/rss/articles/CBMiywFBVV95cUxQOHBlRVZPd1pMMDlFM3pmd3RVcnVxUWlKejJCWHZZb0kyUnB6akZWRVNkQnA1bGppQzItdm43dW8xRVIyZ2k0X19MYWRqcmlhQ3NvNGluME1IX2JlX01xM2RMT3d4aDZiUFhVN3JxZ0xEamdqVEh6OVNfWEk5QlRGUUxMempxZGZYX3RBYlAtNHVFMk50d2Z1eV9saXdscnhtWFFmbTlOQjZYMHc1Mkt1X1dIQnA4aDR0NEpPa1ZGYVBGdjhHRHVfNm5lMA?oc=5,"Serve Qwen3.8-2.4T-A95B, a 2.4T-Parameter Model, with Configurable Reasoning on NVIDIA GB300 NVL72 - NVIDIA Developer","Serve Qwen3.8-2.4T-A95B, a 2.4T-Parameter Model, with Configurable Reasoning on NVIDIA GB300 NVL72 NVIDIA Developer",Rack-scale AI factory; AI inference serving and networking,NVDA,AMD; AMZN; ANET; AVGO; CRDO; CRWV; DELL; ETN; GOOG; HPE; MRVL; MSFT; NBIS; NVDA; ORCL; SMCI; VRT,000938.SZ; 000977.SZ; 002028.SZ; 002156.SZ; 002463.SZ; 002837.SZ; 002851.SZ; 002916.SZ; 300442.SZ; 300476.SZ; 300499.SZ; 300602.SZ; 300870.SZ; 300990.SZ; 301018.SZ; 600183.SS; 601138.SS; 603228.SS; 688041.SS; 688256.SS; 688676.SS; 920808.BJ,68,86,2026-08-17T13:51:49.734235+00:00
71f38fb5ce53c72c,2026-08-12,news,Google News: long context inference serving KV cache AI,https://news.google.com/rss/articles/CBMiZ0FVX3lxTE1GTU9acVRnWkhyQUtUQnF3X3B2VWFvMjJsU2F1S3dXZkN5QjBjczlpZ0JybmFtLW1YLU9oYTR4aDRmaW5rRjM0QVVsd09kbGhRdkZtdS1QZlprWlRsTkE2MklWMmVIVmc?oc=5,Prompt Cache vs KV Cache for LLMs - HackerNoon,Prompt Cache vs KV Cache for LLMs HackerNoon,AI inference serving and networking; HBM memory and context storage,,AMD; AMZN; ANET; AVGO; CRDO; CRWV; GOOG; MRVL; MSFT; MU; NBIS; NTAP; NVDA; ORCL; PSTG; SNDK; STX; WDC,001309.SZ; 301308.SZ; 603986.SS; 688535.SS; 000021.SZ; 002156.SZ; 002409.SZ; 002463.SZ; 300442.SZ; 300604.SZ; 688019.SS; 688041.SS; 688256.SS; 688300.SS; 688525.SS; 002436.SZ,68,86,2026-08-17T13:51:49.734235+00:00
27f08ecb8d60bbc5,2026-08-12,news,Google News: Vera Rubin AI factory NVIDIA,https://news.google.com/rss/articles/CBMimwFBVV95cUxQTzEydkpUVVNKZURneE1zWDk4UGZiNnFwdk9VQ3RYdnNqVTZsOVJCTHhaTE91WGNEb2N1RnZzTmxKbDZaaHQ1MnI2cWxYZWdScmlrNTl2WUQyblB0QWlXRjRyQXlKTnpuTzZVMEEzNW0yejF1TmxqTlh6dmZndkxSR3hkUk1BMzFNTDFsbWhpOUFOZk55QmwxQTM3OA?oc=5,What Comes Next: Operating and Evolving the Production AI Factory - CoreWeave,What Comes Next: Operating and Evolving the Production AI Factory CoreWeave,Rack-scale AI factory,CRWV,ANET; CRDO; CRWV; DELL; ETN; HPE; MRVL; NVDA; SMCI; VRT,000938.SZ; 000977.SZ; 002028.SZ; 002463.SZ; 002837.SZ; 002851.SZ; 002916.SZ; 300442.SZ; 300476.SZ; 300499.SZ; 300602.SZ; 300870.SZ; 300990.SZ; 301018.SZ; 600183.SS; 601138.SS; 603228.SS; 688041.SS; 688256.SS; 688676.SS; 920808.BJ,64,78,2026-08-17T13:51:49.734235+00:00
e6af5e74d5cab1f7,2026-08-12,news,Google News: Vera Rubin AI factory NVIDIA,https://news.google.com/rss/articles/CBMiiAFBVV95cUxNWExZTWxnWHNCbTBzdEF0emk3b1lQLWN5RVZ4ZmJVNU5lN3dUSHEtTlU1R1RXZVVZQzhMeTVFVXY2Vk1pQXh1SFcyazB6UHR4Q0hyWXpPcFJqc093Sk8xUTVWanN5ZlBPWGtlU0VaMGNhNklGZ1lORnVBYnZTRkhGT3RRQThkMVpE?oc=5,Nvidia: Latest news and insights - Network World,Nvidia: Latest news and insights Network World,Rack-scale AI factory,NVDA,ANET; CRDO; DELL; ETN; HPE; MRVL; NVDA; SMCI; VRT,000938.SZ; 000977.SZ; 002028.SZ; 002463.SZ; 002837.SZ; 002851.SZ; 002916.SZ; 300476.SZ; 300499.SZ; 300602.SZ; 300870.SZ; 300990.SZ; 301018.SZ; 600183.SS; 601138.SS; 603228.SS; 688041.SS; 688256.SS; 688676.SS; 920808.BJ,64,78,2026-08-17T13:51:49.734235+00:00
02a21fbb4f470bbb,2026-08-12,news,Google News: AI data center liquid cooling power,https://news.google.com/rss/articles/CBMicEFVX3lxTE1DT3A5RVFramJZNVRpY1BPeU9NRkVHZzhVU2NybzZYTmJMMjNaeFYzWEU2aXNjWXZNMDJqa00yVGFGYWhtYS1iaE51T0Y1Q01SWkJLV1pNc2NoWXQyQkl6WkhQRTNlWUVyQTVpZW01ZUU?oc=5,Data Centers Shift On-Site as AI Strains Power Grid Capacity - Environment+Energy Leader,Data Centers Shift On-Site as AI Strains Power Grid Capacity Environment+Energy Leader,AI data center power and cooling,,BE; CAT; CEG; CVX; ETN; FLNC; GEV; LNG; NEE; OKLO; SMR; VRT,002028.SZ; 002837.SZ; 002851.SZ; 003816.SZ; 300499.SZ; 300602.SZ; 300870.SZ; 300990.SZ; 301018.SZ; 600875.SS; 601985.SS; 688676.SS; 920808.BJ,64,78,2026-08-17T13:51:49.734235+00:00
6ddf2ca712a6a8c6,2026-08-12,news,Google News: AI data center liquid cooling power,https://news.google.com/rss/articles/CBMilgFBVV95cUxOSnM1TUxlRi1mR1lOMHByZWZlOGhkZFo1RzhZeXJJanRZdmppWEFPOERJUzRWQTBMT1lmVk1La1ctTG5WVHh0WGJVZXB3VFh5V194cWo5djVuY0Z3V1NXT0hWY0s2bWVJb0RKRFg0eS10NFBEYmVWcWdRT2xsQk9fN3FaWnp4ekJBV21fY0FaeERRUEVrZXc?oc=5,AI Data Center Boom Fuels Surge in Global Copper Demand - Thomasnet,AI Data Center Boom Fuels Surge in Global Copper Demand Thomasnet,AI data center power and cooling,,BE; CAT; CEG; CVX; ETN; FLNC; GEV; LNG; NEE; OKLO; SMR; VRT,002028.SZ; 002837.SZ; 002851.SZ; 003816.SZ; 300499.SZ; 300602.SZ; 300870.SZ; 300990.SZ; 301018.SZ; 600875.SS; 601985.SS; 688676.SS; 920808.BJ,64,78,2026-08-17T13:51:49.734235+00:00
c97c847975bf08a8,2026-08-12,news,Google News: AI data center liquid cooling power,https://news.google.com/rss/articles/CBMi9AFBVV95cUxQWl9sYkFGaGtlcGk3WDZ6XzFHbmd2aGI0VWNzY3c4alpEYktOdGY5OVpZU1cwZ0p2LUVvMmdnc21oaHdSRTZuVHdYY0d3QVFuZVZnUGI0VkI4cmFLUnp4TGxQdmw2M2RWQ3BEejNTdGdhRy1rNVZsZlZkcm8zMkplWDE4UEtsUDJKZm9mTG5PMGtUT0k3SmNzQmlGQlJGa09FUWMtYWZiemZxVDFjSldSR24xaWMxYkdDTTFyVGlSOUZOZm5XUk9HNllhT2kwOUFrb3Z2aGstYzFPYzMtVXRwUTNRTkNKeU1iX0dHWUc0a05ZcDlt?oc=5,WhiteFiber and Krambu Partner to Bring 100MW of High-Density GPU Infrastructure Capacity to Market in 2027 - PR Newswire,WhiteFiber and Krambu Partner to Bring 100MW of High-Density GPU Infrastructure Capacity to Market in 2027 PR Newswire,AI data center power and cooling,,BE; CAT; CEG; CVX; ETN; FLNC; GEV; LNG; NEE; OKLO; SMR; VRT,002028.SZ; 002837.SZ; 002851.SZ; 003816.SZ; 300499.SZ; 300602.SZ; 300870.SZ; 300990.SZ; 301018.SZ; 600875.SS; 601985.SS; 688676.SS; 920808.BJ,64,78,2026-08-17T13:51:49.734235+00:00
917a1b7c5fc3fcaf,2026-08-12,news,Google News: co-packaged optics AI data center CPO,https://news.google.com/rss/articles/CBMilAFBVV95cUxOZTR0MW82NEJTYmJvSXNmWS1JVnp6aHFZUk1BUFBkTmxpSDM3UUV2cWZDWkRadG9hWjVuQ3dlTEQzejhhcmZiSUdPTG5wdGJrM1JhLWdBcDNoT3FhQ01rZUQyM05rSXBrb2FmWUZqaTdJVXRJUTItMF9XNkR0cW1ManRmR183MUpLcDhvSTVZNjlaNVVa?oc=5,Co-Packaged Optics Reshape AI Chip Supply Chains - Astute Group,Co-Packaged Optics Reshape AI Chip Supply Chains Astute Group,CPO and optical interconnect,,ANET; CIEN; COHR; CRDO; FN; GLW; LITE; MRVL; NVDA,000988.SZ; 300308.SZ; 300502.SZ; 000938.SZ; 002281.SZ; 002463.SZ; 300394.SZ; 688041.SS; 688256.SS; 688498.SS,64,78,2026-08-17T13:51:49.734235+00:00
0c83038179a2ea3c,2026-08-12,news,Google News: co-packaged optics AI data center CPO,https://news.google.com/rss/articles/CBMivwFBVV95cUxPYlp6V2F3dnRLMm1fLXZVVmxiYmFubW9KUy15Um1FY3Nrd1cwdXcySVVtcmt6NGZzNHI4cVhaVHBsS2dNcVNrQUlBUUkzS2lBNHBpZDA4bmRiVDJoenBWbzJIMzlaU0lueHVsVzN5WWhTR2hxNmRHVmhrOEU5ZlRINTJERnFGOUdVSy1WU3phanFlWjF3OFI3d0FvTzJzTUs0UXdURmtrMWlsYUkzQnVRVDlSUS1vb003TXZkTVZNNA?oc=5,Nvidia Ships Co-Packaged Optics Switch as Ecosystem Testing Gap Widens - Tech Times,Nvidia Ships Co-Packaged Optics Switch as Ecosystem Testing Gap Widens Tech Times,CPO and optical interconnect,NVDA,ANET; CIEN; COHR; CRDO; FN; GLW; LITE; MRVL; NVDA,000988.SZ; 300308.SZ; 300502.SZ; 000938.SZ; 002281.SZ; 002463.SZ; 300394.SZ; 688041.SS; 688256.SS; 688498.SS,64,78,2026-08-17T13:51:49.734235+00:00
654c68bfcb887316,2026-08-12,news,Google News: HBM AI server storage memory bandwidth,https://news.google.com/rss/articles/CBMiwwFBVV95cUxOQU92UzdKSEl0QmMySkVoZWVTcDFKT2FXU1hwekY4V3FIVnBKZ1VfZ1RUT0gyRHNGOEUxYWxORFBVZnFXZVg1SUpTUUhuNXVvdVUxZzNzaHRidjhhVV80OTdQX0xjZWVfcUtrZkN0Mm9xQ0VpaHNnT2tXX295ZnpfeGF5NklieHM3OUF4SHlhM0VWS0JXNUxXUFZEMHRUcG8tc09UcWxJR2ZFUXJQdmVIMHZWd2xEeHE2T2JSSjVoMDcxamfSAcgBQVVfeXFMTkRSMUdPNEJvQzFjSjR0N1h4ZE10c25IT2poQzZsS3p6LS04MjhzV1VsSW12S3pDdDRHc0RodThlb3J1NG9SQ1hnOExTSTBGUFlUcVhibjdERzdIdW4zV0lrX0hmbkx6NXV1SlVFa2Z2QXg1bXdUa004MDdRYW9hWFQ1aWhzaDhMRU52U21qZW…,Liqid Pools 30 AMD MI350P GPUs in One Server: 4.3TB of HBM3E and 69 PFLOPS for AI Inference - StorageReview.com,Liqid Pools 30 AMD MI350P GPUs in One Server: 4.3TB of HBM3E and 69 PFLOPS for AI Inference StorageReview.com,HBM memory and context storage,AMD,AMD; MU; NTAP; NVDA; PSTG; SNDK; STX; WDC,001309.SZ; 301308.SZ; 603986.SS; 688535.SS; 000021.SZ; 002156.SZ; 002409.SZ; 300604.SZ; 688019.SS; 688041.SS; 688256.SS; 688300.SS; 688525.SS; 002436.SZ,64,78,2026-08-17T13:51:49.734235+00:00
9f7f99e7497f7369,2026-08-12,news,Google News: HBM AI server storage memory bandwidth,https://news.google.com/rss/articles/CBMifEFVX3lxTE9vM3huOXl5dmFRYXlSSDU0QkVBZnlybzJsTlBKTUMzclRQelFkTnRmNG5HcERRMERxYXp6UE91dXJCeXV3THhodllvaXBzSFktVmtXenpDNm1KQ25DWUdIOE5LQ0l0V3lEMTgwTmd1WnJEbVZYZl9OdzBBZ00?oc=5,"AI Memory Stocks Rally After US CPI: SK Hynix Jumps 9%, Seagate and SanDisk Rise — Which Stock Is Best to Buy? - Mitrade","AI Memory Stocks Rally After US CPI: SK Hynix Jumps 9%, Seagate and SanDisk Rise — Which Stock Is Best to Buy? Mitrade",HBM memory and context storage,SNDK,AMD; MU; NTAP; NVDA; PSTG; SNDK; STX; WDC,001309.SZ; 301308.SZ; 603986.SS; 688535.SS; 000021.SZ; 002156.SZ; 002409.SZ; 300604.SZ; 688019.SS; 688041.SS; 688256.SS; 688300.SS; 688525.SS; 002436.SZ,64,78,2026-08-17T13:51:49.734235+00:00
a0b58602fd6e0ce4,2026-08-12,news,Google News: US domestic semiconductor supply chain advanced packaging materials equipment,https://news.google.com/rss/articles/CBMiakFVX3lxTE50OG5qZ3g3SElPWFF3X2wwSjFpa0RRdWJ6WTlzTGZJZjdOSkFYQURONHNuNXg5dW9sbGJueHJYWmpUWkRQcWhfRl9LLVJHbUxXVG96VXJ2R3pCT2pYamloQnE3bG1sNXlXS3c?oc=5,"Low Viscosity Epoxies Market Size, Share & Forecast 2036 - Fact.MR","Low Viscosity Epoxies Market Size, Share & Forecast 2036 Fact.MR",Semiconductor materials and consumables,,AMAT; ENTG; INTC; LRCX; Q; TSM,300054.SZ; 688019.SS; 688120.SS; 002409.SZ; 002436.SZ; 002916.SZ; 300236.SZ; 300346.SZ; 300666.SZ; 600206.SS; 688106.SS; 688268.SS; 688300.SS; 688535.SS,62,78,2026-08-17T13:51:49.734235+00:00
9e69fe17fa057301,2026-08-12,news,Google News: physical AI robotics world model,https://news.google.com/rss/articles/CBMiaEFVX3lxTE5lcURSMEFORUVpUHBsejVWMVhTYnZMbDJ6aUVVeVRNRDg5Tm12NDE3SnBDeGNhYmVCNC14TFFPVTJZcldIbUZwNzdNWXpBVllRTXhlRC1EV3hmQ0NNbnUyTnlOQ2hLR1pI?oc=5,Employment immunity: the quiet revolution of robotics and physical AI - calcalistech.com,Employment immunity: the quiet revolution of robotics and physical AI calcalistech.com,Physical AI and robotics,,ISRG; NVDA; ROK; TER; TSLA,002050.SZ; 601689.SS; 688041.SS; 688256.SS; 600111.SS; 000657.SZ; 300124.SZ; 688017.SS; 688322.SS,61,75,2026-08-17T13:51:49.734235+00:00
2faab7ee68c88775,2026-08-12,news,Google News: physical AI robotics world model,https://news.google.com/rss/articles/CBMijAFBVV95cUxNQUxjS1hnSUMyQ1B0bTI0d1FhUl9rbl9FSWJfdFdvUl9BRUVpT255d1h5WDNnYXBQSmpxTGNlVVFXYXpvZ2lNTndzaVJpdmJVQ3pZQ1A1MTJPV0pqTUVabGdDcURmcW9rbEY2QXktLUYySUJRRUl3OVhhWEpoOEFlVWxHdDg0WGJiTndfZ9IBjAFBVV95cUxNQUxjS1hnSUMyQ1B0bTI0d1FhUl9rbl9FSWJfdFdvUl9BRUVpT255d1h5WDNnYXBQSmpxTGNlVVFXYXpvZ2lNTndzaVJpdmJVQ3pZQ1A1MTJPV0pqTUVabGdDcURmcW9rbEY2QXktLUYySUJRRUl3OVhhWEpoOEFlVWxHdDg0WGJiTndfZw?oc=5,"When AI Enters the Physical World, Safety Gets Real | Newswise - Newswise","When AI Enters the Physical World, Safety Gets Real | Newswise Newswise",Physical AI and robotics,,ISRG; NVDA; ROK; TER; TSLA,002050.SZ; 601689.SS; 688041.SS; 688256.SS; 600111.SS; 000657.SZ; 300124.SZ; 688017.SS; 688322.SS,61,75,2026-08-17T13:51:49.734235+00:00
20af36e3a94040a8,2026-08-12,news,Google News: physical AI robotics world model,https://news.google.com/rss/articles/CBMikwFBVV95cUxQS0pvZm1wREJ5b2tuUTJJeWluZENRTVJpWTY2YktJMl9sY0NaRG5wWF9iVmRmUDNVb1VqbzhYTXF6YlY0MlBpR0tETVJSM0VXXzk4OGloQ1l0aGMxNDZuRDZDRDU5ZnEtb3ZLbHY1SERPVDdmbVZ4N1pyeXFCbjlIOWRhd2t1MFQ3UmJEcXNlSzQzcXM?oc=5,"Physical AI, robotics revive lagging U.S. shipbuilding - TechTarget","Physical AI, robotics revive lagging U.S. shipbuilding TechTarget",Physical AI and robotics,,ISRG; NVDA; ROK; TER; TSLA,002050.SZ; 601689.SS; 688041.SS; 688256.SS; 600111.SS; 000657.SZ; 300124.SZ; 688017.SS; 688322.SS,61,75,2026-08-17T13:51:49.734235+00:00
0e33db4f872c5313,2026-08-12,arxiv,arXiv: Long context and KV cache,https://arxiv.org/abs/2608.12627v1,EgoCITE: Context-Augmented Indexing and Time-Aware Retrieval for Long-Horizon Egocentric Memory,"Long-horizon egocentric memory transforms continuous first-person video and audio into a searchable record of past experiences. We demonstrate two bottlenecks in existing systems: indices built from context-poor captions are unreliable for agentic search, while retrieval ignores a question's temporal intent. To address both bottlenecks, we introduce EgoCITE (Egocentric Context-augmented Indexing and Time-aware Evidence retrieval), a long-horizon agentic memory framework for egocentric QA. EgoCITE comprises three components. EgoScheme uses local multimodal context to turn fragmentary video captions and speech transcripts into self-contained atomic memory indices. EgoIndex organizes complementary action, activity, utterance, and conversation representations into searchable multi-view memory indices at multiple granularities. EgoRetrv combines semantic search with question-conditioned temporal relevance scoring and curation of retrieved evidence. We evaluate EgoCITE on EgoLifeQA, EgoMem, and EgoR1-Bench in terms of answer accuracy and target-event retrieval alignment. EgoCITE improves accuracy over agentic memory baselines by at least 4.4--14.2\% while achieving 36$\times$ lower cost…",HBM memory and context storage,,AMD; AMZN; GOOG; MSFT; MU; NTAP; NVDA; ORCL; PSTG; SNDK; STX; WDC,001309.SZ; 301308.SZ; 603986.SS; 688535.SS; 000021.SZ; 002156.SZ; 002409.SZ; 300604.SZ; 688019.SS; 688041.SS; 688256.SS; 688300.SS; 688525.SS; 002436.SZ,58,72,2026-08-17T13:51:57.394509+00:00
3fd579c284a50e49,2026-08-12,arxiv,arXiv: Long context and KV cache,https://arxiv.org/abs/2608.12218v2,Information Abundance Paradox: Long-Context Training Undermines Parametric Knowledge,"Large language models are increasingly trained and deployed with long contexts that span documents, code repositories, and interaction histories. This scaling reflects the implicit assumption that training on longer contexts will only help the model by exposing it to richer evidence. We challenge this view by studying how the context window shapes a model's mode of learning, shifting it between parametric internalization and contextualization. We propose the Information Abundance Paradox, which hypothesizes that abundant relevant information in the training context can reduce the incentive to encode that information parametrically, thereby increasing reliance on context. In pretraining with long documents, increasing the context window improves language modeling, natural language understanding, and closed-book MCQA only up to an intermediate optimum, after which performance consistently declines. In supervised fine-tuning, more task-relevant train-time context improves performance with supporting context, but reduces robustness when context is absent or misleading at test time. Our analysis suggests that this behavior arises when longer context provides a lower complexity solution…",HBM memory and context storage,,AMD; AMZN; GOOG; MSFT; MU; NTAP; NVDA; ORCL; PSTG; SNDK; STX; WDC,001309.SZ; 301308.SZ; 603986.SS; 688535.SS; 000021.SZ; 002156.SZ; 002409.SZ; 300604.SZ; 688019.SS; 688041.SS; 688256.SS; 688300.SS; 688525.SS; 002436.SZ,58,72,2026-08-17T13:51:57.394509+00:00
b19f9d61f50cf85b,2026-08-12,arxiv,arXiv: Long context and KV cache,https://arxiv.org/abs/2608.11587v1,Robust Multi-Tier Infant-Centered Audio Understanding with Whisper via Structured Speaker Conditioning,"Recent advances in model design and self-supervised audio representations have improved speech and audio understanding, yet infant-centered naturalistic recordings remain challenging due to limited labeled data, low signal-to-noise ratio, and cross-family domain shifts. We present a family-conditioned, multi-tier audio tagger that combines a LoRA-finetuned Whisper encoder with a lightweight, target-speaker-aware Transformer for long-context inference and framewise prediction across tiers. To improve temporal coherence, we incorporate a simple sequence-level smoothing loss, and to enhance robustness across households, we introduce a factorized speaker-token design with a shared tier token and a learned family-specific offset, reducing family bias and promoting generalizable representations. Together, these choices enable efficient and effective infant-centered audio tagging of daylong audio recordings in home environments.",HBM memory and context storage,,AMD; AMZN; GOOG; MSFT; MU; NTAP; NVDA; ORCL; PSTG; SNDK; STX; WDC,001309.SZ; 301308.SZ; 603986.SS; 688535.SS; 000021.SZ; 002156.SZ; 002409.SZ; 300604.SZ; 688019.SS; 688041.SS; 688256.SS; 688300.SS; 688525.SS; 002436.SZ,58,72,2026-08-17T13:51:57.394509+00:00
a016860131eaf218,2026-08-12,arxiv,arXiv: KV cache and inference memory,https://arxiv.org/abs/2608.11742v1,Ripple-Pivot Search: Active Parallel Decoding for Diffusion Large Language Models,"Diffusion Large Language Models (dLLMs) have emerged as a competitive alternative to autoregressive language models, offering the potential for substantially faster inference through parallel decoding. Existing parallel decoding schedulers typically commit positions only after they meet a per-position criterion, overlooking how early commitments may benefit subsequent decoding. We identify a ripple effect in dLLM decoding: proactively committing a mid-entropy pivot position can induce a pronounced reduction in uncertainty across the remaining masked positions. This uncertainty reduction allows subsequent steps to unmask more tokens in parallel, thereby accelerating the overall decoding process. To exploit the ripple effect, we propose Ripple-Pivot Search (RPS), a novel training-free decoding method that seeks mid-entropy positions as promising candidate pivots (where to decode), and determines their token assignment that yields the greatest downstream benefit via lookahead evaluation (what to decode). Across 3 dLLMs and 4 reasoning and code-generation benchmarks, RPS achieves 4-10$\times$ wall-clock speedup over the standard decoder while preserving generation quality, and improve…",HBM memory and context storage,,AMD; MU; NTAP; NVDA; PSTG; SNDK; STX; WDC,001309.SZ; 301308.SZ; 603986.SS; 688535.SS; 000021.SZ; 002156.SZ; 002409.SZ; 300604.SZ; 688019.SS; 688041.SS; 688256.SS; 688300.SS; 688525.SS; 002436.SZ,58,72,2026-08-17T13:51:57.394509+00:00
e3a3a9516c4c5245,2026-08-12,arxiv,arXiv: Mixture of experts,https://arxiv.org/abs/2608.12447v1,Geometric and Behavioral Stratification in Transformer Residual Streams,"Trained transformer models develop privileged bases: coordinate axes whose statistics differ from the rest of the residual stream. But what kind of direction does such a basis select? We investigate the prediction direction, the unembedding direction of the token a model currently predicts, and find that it functions as a content-defined privileged anchor. Measured with respect to this anchor, residual-stream variation is geometrically and behaviorally stratified by proximity to the prediction. The stratification holds in all eighteen models tested (dense and mixture-of-experts, 7B-120B, base and instruction-tuned). A narrow, scale-invariant prediction interface concentrates readout-relevant structure, while the vast prediction-distal complement expands with model scale. Because the prediction direction sits nearly orthogonal to the principal variance axes, variance-based analyses recover this organization only partly, and the shortfall grows with prompt heterogeneity. Anchoring reveals a steep geometric gradient: prediction-proximal regions are highly structured and cluster related prompts, while the complement is flatter and anti-discriminates among prompt groups. The interface…",AI inference serving and networking,,AMD; AMZN; ANET; AVGO; CRDO; CRWV; GOOG; MRVL; MSFT; NBIS; NVDA; ORCL,002156.SZ; 002463.SZ; 300442.SZ; 688041.SS; 688256.SS,58,72,2026-08-17T13:51:57.394509+00:00
584ce98cd31090c7,2026-08-12,arxiv,arXiv: Mixture of experts,https://arxiv.org/abs/2608.12251v1,Regime-Gated Residual Mixture-of-Experts for Cross-Sectional Volatility Forecasting,"Financial volatility is regime dependent, yet incorporating regime information into neural networks can also destabilize training. This paper asks where such information should enter a neural cross-sectional volatility forecasting model. We study five-day realized-volatility forecasts for 1,027 U.S. equities using a rolling walk-forward evaluation framework in which information, model capacity, hyperparameter tuning, and random seeds are matched across architectures. We propose RG-ResMoE, a regime-gated residual mixture-of-experts architecture in which regime information is used only for expert routing rather than for direct forecasting. The base predictor models volatility from stock features, while a gating network uses regime state variables to route residual corrections. RG-ResMoE consistently outperforms a capacity-matched MLP in both forecasting accuracy and training stability in the main U.S. study. Similar gains are observed on an independent Japanese panel. The integration pathway is decisive: appending the same regime variables directly to the forecasting input degrades both predictive performance and training stability, whereas restricting them to the routing gate impro…",AI inference serving and networking,,AMD; AMZN; ANET; AVGO; CRDO; CRWV; GOOG; MRVL; MSFT; NBIS; NVDA; ORCL,002156.SZ; 002463.SZ; 300442.SZ; 688041.SS; 688256.SS,58,72,2026-08-17T13:51:57.394509+00:00
a9ea8435c81dd09b,2026-08-12,arxiv,arXiv: Mixture of experts,https://arxiv.org/abs/2608.12146v1,RoutePack: Expert Placement and Attention-Aware Data Packing for MoE Reinforcement Learning,"Training Mixture-of-Experts (MoE) models for reinforcement learning (RL) couples two load-balancing problems: sequence composition determines dense attention work in each data-parallel microbatch, while token routing determines sparse expert work on expert-parallel ranks. Optimizing either alone can shift the bottleneck to the other. In MoE RL, rollout-time routing replay exposes every sample's sequence length and layer-wise expert demand before its training step. We present RoutePack, a hierarchical planner that coordinates state-consistent, layer-wise expert rerouting with joint attention- and expert-aware data packing over an optimizer-step window. RoutePack first places experts independently at each MoE layer using aggregate routing demand. It then packs samples into the smallest certified, or best-known feasible, number of token-capped execution rows and optimizes their DP layout with a projected EDP-shard-aware objective. The objective combines a window-normalized linear-quadratic attention proxy with per-layer physical EP-rank peaks and minimizes the accumulated cost of the slowest EDP shard. Parallel population annealing searches fixed-row feasible layouts while preserving…",AI inference serving and networking,,AMD; AMZN; ANET; AVGO; CRDO; CRWV; GOOG; MRVL; MSFT; NBIS; NVDA; ORCL,002156.SZ; 002463.SZ; 300442.SZ; 688041.SS; 688256.SS,58,72,2026-08-17T13:51:57.394509+00:00
48edaf3b9a318668,2026-08-12,arxiv,arXiv: Mixture of experts,https://arxiv.org/abs/2608.11785v1,TradingMoE: Routing the Right Experts in Evolving Markets,"Large language models (LLMs) have shown strong potential for financial analysis and trading, but direct trading remains challenging because the predictive capabilities required can vary across assets, decision fields, and market conditions. Existing LLM-based trading systems either coordinate human-defined external experts or adopt conventional internal Mixture-of-Experts (MoE) routers that do not directly evaluate how individual experts contribute to trading decisions. Moreover, these routers receive no direct signal indicating when an inactive expert has become more suitable as market conditions change. We find that native router scores poorly reflect how much individual experts improve trading decisions, frequently leaving better alternatives unselected. We further reveal that token-specific expert usefulness exhibits a compact low-dimensional structure. Based on these findings, we propose TradingMoE, a trading-oriented sparse MoE that augments a frozen dense LLM with lightweight residual experts. We introduce a Query-Key router that represents the expertise required by each token under the current market context as a low-dimensional query and matches it with learnable expert k…",AI inference serving and networking,,AMD; AMZN; ANET; AVGO; CRDO; CRWV; GOOG; MRVL; MSFT; NBIS; NVDA; ORCL,002156.SZ; 002463.SZ; 300442.SZ; 688041.SS; 688256.SS,58,72,2026-08-17T13:51:57.394509+00:00
0799b67830191fc4,2026-08-11,official,NVIDIA Blog,https://blogs.nvidia.com/blog/800-vdc-power-architecture-ai-factory/,Why Scaling AI Compute Performance Requires a New Power Architecture,"Every new generation of accelerated computing demands more from the infrastructure underneath it — more compute performance, higher rack density and more efficient, scalable power distribution. The bottleneck isn’t just wattage. It’s how power gets from the grid to the GPU. In traditional power delivery, electricity travels from the grid as an alternating current (AC) […]",AI data center power and cooling,,BE; CAT; CEG; CVX; ETN; FLNC; GEV; LNG; NEE; OKLO; SMR; VRT,002028.SZ; 002837.SZ; 002851.SZ; 003816.SZ; 300499.SZ; 300602.SZ; 300870.SZ; 300990.SZ; 301018.SZ; 600875.SS; 601985.SS; 688676.SS; 920808.BJ,90,94,2026-08-17T13:51:49.734235+00:00
4101620f597fe785,2026-08-11,official,AWS Machine Learning Blog,https://aws.amazon.com/blogs/machine-learning/accelerate-cyber-defense-with-openai-and-aws-daybreak-red-daybreak-blue-now-available-to-eligible-customers-on-amazon-bedrock/,Accelerate cyber defense with OpenAI and AWS: Daybreak Red & Daybreak Blue now available to eligible customers on Amazon Bedrock,"Daybreak Red and Daybreak Blue from OpenAI, specialized cyber defense models from OpenAI, are now available on Amazon Bedrock to eligible customers. Both models run with zero-operator access enforced at the chip, keeping your code and vulnerability data secure.",Space defense and autonomous systems,AMZN; NOW,AMZN; ASTS; AVAV; LMT; NOW; PL; RKLB; RTX,002179.SZ; 002389.SZ; 688297.SS,90,92,2026-08-17T13:51:49.734235+00:00
8cb125654abe4280,2026-08-11,news,Google News: Vera Rubin AI factory NVIDIA,https://news.google.com/rss/articles/CBMizAFBVV95cUxPOGtINWd6N3cwNUN5a09VdXZYNFlDaENHSE85SXNlWkNDYU1nUC1MbWprZWR1NlgwNEJwN01CZkRjbkhNblQ0RTd4NGVwdjRoM01GUTZwVzlNUVRwMTdXUjlic3pXQTlweTVjMVVXZEtqSnV1SVpBbjRRT25xeTFrNHNzeTdySnZLY0JyMlB0MmRDbXNVVWdRckp0d3JackxNYWN5R1hZVzk2aFZfZ3BMVlpsYWN5T3JKWmVfbG41elEtczVLYVM1Y21LQ0jSAdIBQVVfeXFMTnNvaVRiaGpLdjZZaWpXeW90QzBmOFFMejIzS1RTSFM4Ym5xZFZaM2RTQ0R1THRZdVVIVVZtSEJVR3p2RFNaZFVpTnJRQnM2cGVXYloyX0hCUWVLSmxSX2xzZVJ1aDd4OUdMVEhZYnVCWWlaYmhLVFNfU2V1eTQ5NUV0eDR0Vi…,Volta Comes Out of Stealth With a $10B AI Lab Partnership and a 133MW Vera Rubin Factory in Norway - StorageReview.com,Volta Comes Out of Stealth With a $10B AI Lab Partnership and a 133MW Vera Rubin Factory in Norway StorageReview.com,HBM memory and context storage; Rack-scale AI factory,,AMD; ANET; CRDO; DELL; ETN; HPE; MRVL; MU; NTAP; NVDA; PSTG; SMCI; SNDK; STX; VRT; WDC,001309.SZ; 301308.SZ; 603986.SS; 688535.SS; 000021.SZ; 000938.SZ; 000977.SZ; 002028.SZ; 002156.SZ; 002409.SZ; 002463.SZ; 002837.SZ; 002851.SZ; 002916.SZ; 300476.SZ; 300499.SZ; 300602.SZ; 300604.SZ; 300870.SZ; 300990.SZ; 301018.SZ; 600183.SS; 601138.SS; 603228.SS,68,86,2026-08-17T13:51:49.734235+00:00
a85b8523870aa100,2026-08-11,news,Google News: long context inference serving KV cache AI,https://news.google.com/rss/articles/CBMijgFBVV95cUxQeHNwOGQxbnQzSXd3SlFOMS10X1FXMjRsMFBfaUJnQklua1hGQnVobkFMRDVFaDNXeTJsOVRIOVRJTTdObzgtSk41amt1RDB0N3k0YzBrbEtVa3k2WHo4dG9ENzQ3OG44WWJtalpnWTlkbVNRakc1T2Y4OVd0cUJSWkg1cE44NV93TWlqTXZR?oc=5,Silicon Motion Unveils PerformaShape Technology for AI SSDs - embedded.com,Silicon Motion Unveils PerformaShape Technology for AI SSDs embedded.com,AI inference serving and networking; HBM memory and context storage,,AMD; AMZN; ANET; AVGO; CRDO; CRWV; GOOG; MRVL; MSFT; MU; NBIS; NTAP; NVDA; ORCL; PSTG; SNDK; STX; WDC,001309.SZ; 301308.SZ; 603986.SS; 688535.SS; 000021.SZ; 002156.SZ; 002409.SZ; 002463.SZ; 300442.SZ; 300604.SZ; 688019.SS; 688041.SS; 688256.SS; 688300.SS; 688525.SS; 002436.SZ,68,86,2026-08-17T13:51:49.734235+00:00
1d04030f2ab4cd6a,2026-08-11,news,Google News: HBM AI server storage memory bandwidth,https://news.google.com/rss/articles/CBMiugFBVV95cUxNZF9nbVJIamc4b1R6ZlRDazE0cWFlRERpX2x3Um82b0J3dGhXU0xHU28zeS1JMndVMFhSWDJVd0pwTHBkQzJFSVotX1kxeUJVcUpmWldDaF9wMUh3YXNaR2wwZlA0dUZRbkNfbFZkU011OEUwTUFNcHdyaUVmNDNaVEM1QXE2UjczT2JFd0pBdF9NeFlxWS1lbEpLZHd5ODhEWUdjZDBOZVJkNEdIM0NLOWpaZDBGcHVoYmc?oc=5,"Dedicated NVIDIA GPU Servers in 2026: Solving Cost, Performance, and AI Infrastructure Bottlenecks - Nasscom","Dedicated NVIDIA GPU Servers in 2026: Solving Cost, Performance, and AI Infrastructure Bottlenecks Nasscom",HBM memory and context storage; Rack-scale AI factory,NVDA,AMD; ANET; CRDO; DELL; ETN; HPE; MRVL; MU; NTAP; NVDA; PSTG; SMCI; SNDK; STX; VRT; WDC,001309.SZ; 301308.SZ; 603986.SS; 688535.SS; 000021.SZ; 000938.SZ; 000977.SZ; 002028.SZ; 002156.SZ; 002409.SZ; 002463.SZ; 002837.SZ; 002851.SZ; 002916.SZ; 300476.SZ; 300499.SZ; 300602.SZ; 300604.SZ; 300870.SZ; 300990.SZ; 301018.SZ; 600183.SS; 601138.SS; 603228.SS,68,86,2026-08-17T13:51:49.734235+00:00
5d6ed8c033cc726e,2026-08-11,news,Google News: Vera Rubin AI factory NVIDIA,https://news.google.com/rss/articles/CBMivAFBVV95cUxOQjZ6SjRMeFdEckdRa2Uxa0dRMHQ3LUJqZkYxZ0UxWVN1Wk9SUjVTdUhaU29LRlRJT1dZVGJxbFNPOTFpN2cwUldEb0t1R0VKV0p2SWhLQVNpTHF5dkNObUw5U2ktb2o2aU80WWY3cXR4WXR3ZzZhWi1wSVA3MmlGNWliaDdjZFRMQVR0Ul9kTTYwV2gtXzRpZkwtNTRwV3pqdkxaU1Jfd0xPU1VlQmt2SERvWXZsc1ZjMkNoSA?oc=5,Key facts: NVDA $500B+ SK AI Deal; SpaceX $160B; BofA -60bp Rubin - TradingView,Key facts: NVDA $500B+ SK AI Deal; SpaceX $160B; BofA -60bp Rubin TradingView,Rack-scale AI factory,NVDA,ANET; CRDO; DELL; ETN; HPE; MRVL; NVDA; SMCI; VRT,000938.SZ; 000977.SZ; 002028.SZ; 002463.SZ; 002837.SZ; 002851.SZ; 002916.SZ; 300476.SZ; 300499.SZ; 300602.SZ; 300870.SZ; 300990.SZ; 301018.SZ; 600183.SS; 601138.SS; 603228.SS; 688041.SS; 688256.SS; 688676.SS; 920808.BJ,64,78,2026-08-17T13:51:49.734235+00:00
9e4e85c87438cbc8,2026-08-11,news,Google News: Vera Rubin AI factory NVIDIA,https://news.google.com/rss/articles/CBMiywFBVV95cUxQbGpWVzhSU01MbUFINHZOcU40cVllcGJmeThkMlJZdjNPcGlzMTFpNExZS2hsNHpQallNdFNWWFJhWjZWN054WGVXSXFKdmxfSFB2dmwwRWtsUmpRX01VVTVZVjhkeGQxaTJoNDlJbHIxRG5nd3JsTk5uNWd3SURReE9UbUNzYUtnOHk0RkNIeUlfWjh0M2tMLVlKY3UyMEw4aWlYdjNKVE5SZlEwRUNNTUZvM2hsa0xaNE5qaEltLWFnbUl1UmhLSDdrSdIB0AFBVV95cUxQNGd0Q2xKZUVMYmhhXzh6S0Q2c05TdV9jLVZVaDJlWmFqbUZJNDI1eVg0N3NSX01QcERtTWRRS0M1elE4anM1MDhEVzhzUW55cG0yaWRPdHpVal9NVzMzczlvWGNvdjJjeklqY2RpVHpVTVY4RmwzcV9pRHRLS2F5YVJEVkxldW…,The Bull Case For NVIDIA (NVDA) Could Change Following $500 Billion AI Infrastructure Financing Plan – Learn Why - simplywall.st,The Bull Case For NVIDIA (NVDA) Could Change Following $500 Billion AI Infrastructure Financing Plan – Learn Why simplywall.st,Rack-scale AI factory,NVDA,ANET; CRDO; DELL; ETN; HPE; MRVL; NVDA; SMCI; VRT,000938.SZ; 000977.SZ; 002028.SZ; 002463.SZ; 002837.SZ; 002851.SZ; 002916.SZ; 300476.SZ; 300499.SZ; 300602.SZ; 300870.SZ; 300990.SZ; 301018.SZ; 600183.SS; 601138.SS; 603228.SS; 688041.SS; 688256.SS; 688676.SS; 920808.BJ,64,78,2026-08-17T13:51:49.734235+00:00
d15f27e7e22347ab,2026-08-11,news,Google News: AI data center liquid cooling power,https://news.google.com/rss/articles/CBMitwFBVV95cUxQNlROcTJxSVdEN3BtWkxwZTZVZDB3RXV2OGI3Mmd0Q01ueV9DT25vM3lkTnQ2TDd5U08zb1B2WkhuMy1uN1ZUdlFFa0dzcU02cWVleUh4b2NIV29STnRWV3AwOGpHZWd6azF4MHVFRWNTN0M0cEx1TmtMM01LNDdqUTVuSzJSZGZlT2E4bXZqMHVSazAySmh1c0twRWRfTWNFMERBSXRFYk1pd1pVU0p2N2ljT244S1U?oc=5,nVent Expands Data Center Liquid Cooling Capacity - Data Center Frontier,nVent Expands Data Center Liquid Cooling Capacity Data Center Frontier,AI data center power and cooling,,BE; CAT; CEG; CVX; DELL; ETN; FLNC; GEV; LNG; NEE; OKLO; SMCI; SMR; VRT,000938.SZ; 000977.SZ; 002028.SZ; 002463.SZ; 002837.SZ; 002851.SZ; 002916.SZ; 003816.SZ; 300476.SZ; 300499.SZ; 300602.SZ; 300870.SZ; 300990.SZ; 301018.SZ; 600183.SS; 600875.SS; 601138.SS; 601985.SS; 603228.SS; 688676.SS; 920808.BJ,64,78,2026-08-17T13:51:49.734235+00:00
56a026c829fa1d86,2026-08-11,news,Google News: AI data center liquid cooling power,https://news.google.com/rss/articles/CBMingFBVV95cUxOTlhaSVczWFFaYThfRkFrOU0tNGRteG43UUZtYUlfdlZudkh4X19ZcG9OUkY3eFV6ZFNkQ3B5ckZ2TFh2ZzZDVmQ0Y2E1WF9JaEpDTVdMbjU3RVpqZHozcmNiZkp3ZHN2NC1DN2gwU1JJTGh0dk1jcWJDdFYtOWx1eGRHSFRvNENVckJDZG1iSUNKMUdLQjJiV1VJNHJEUQ?oc=5,Vertiv Capitalizes on Strong AI Data Center Growth: More Upside Ahead? - Yahoo Finance,Vertiv Capitalizes on Strong AI Data Center Growth: More Upside Ahead? Yahoo Finance,AI data center power and cooling,,BE; CAT; CEG; CVX; ETN; FLNC; GEV; LNG; NEE; OKLO; SMR; VRT,002028.SZ; 002837.SZ; 002851.SZ; 003816.SZ; 300499.SZ; 300602.SZ; 300870.SZ; 300990.SZ; 301018.SZ; 600875.SS; 601985.SS; 688676.SS; 920808.BJ,64,78,2026-08-17T13:51:49.734235+00:00
75d2e37b9adc632e,2026-08-11,news,Google News: AI data center liquid cooling power,https://news.google.com/rss/articles/CBMidEFVX3lxTE9Fel9TZHVyWVAwRFFUMWQ5UVBrMXdJWE5sSFlJS3F5MFhXSl9XZXlrTzBiZjRjME82QzJVSFFGbXF4bGozYlA2WXJtMWhpSGF5UU1yUGViTDZQS0trLS1JVWg5QzNIc2djaW1ZTUhoUjcwVkND?oc=5,"Bloom Energy fuel cells cut water use at AI data centers to near-household levels, company says - Energies Media","Bloom Energy fuel cells cut water use at AI data centers to near-household levels, company says Energies Media",AI data center power and cooling,BE,BE; CAT; CEG; CVX; ETN; FLNC; GEV; LNG; NEE; OKLO; SMR; VRT,002028.SZ; 002837.SZ; 002851.SZ; 003816.SZ; 300499.SZ; 300602.SZ; 300870.SZ; 300990.SZ; 301018.SZ; 600875.SS; 601985.SS; 688676.SS; 920808.BJ,64,78,2026-08-17T13:51:49.734235+00:00
2a3e7c3b3011e90b,2026-08-11,news,Google News: AI data center liquid cooling power,https://news.google.com/rss/articles/CBMiqAFBVV95cUxPOTYxLVdEQ2VNSDhONkRlc3p6QU1RenhxNkRTYVBMNVZjLVBuN3JVaUdBNWgwZHE5M2NGVW9BVGE0WXA0cHlsMlZnbFJoR21iejF0NlhSZGE1S2pqd2dwc2k3ZHdCYko1SDRrNHh2Mk1ndWhMaW9ZeVAxU3dOZnFFVm14eVgzMVFsRUIwMFBwbmNyVDRHU09Hb0NZMmtta1JEekt1T2tFZjY?oc=5,Ferguson Says AI Data Center Boom Is Driving Distributor Growth - Distribution Strategy Group,Ferguson Says AI Data Center Boom Is Driving Distributor Growth Distribution Strategy Group,AI data center power and cooling,,BE; CAT; CEG; CVX; ETN; FLNC; GEV; LNG; NEE; OKLO; SMR; VRT,002028.SZ; 002837.SZ; 002851.SZ; 003816.SZ; 300499.SZ; 300602.SZ; 300870.SZ; 300990.SZ; 301018.SZ; 600875.SS; 601985.SS; 688676.SS; 920808.BJ,64,78,2026-08-17T13:51:49.734235+00:00
b306da8575e4998f,2026-08-11,news,Google News: co-packaged optics AI data center CPO,https://news.google.com/rss/articles/CBMifEFVX3lxTE5mOXJ0VjZ4a3VBTjB2YXNXT2I0RDdpS2Q5RjV5QzF1akI5LTlzUENwVjZoaWFjd2lLYy1aa2NkSFVNb0g4YlJsSDAxdWY2NkxCdmVIdzZoVUZHd2ZWQW5LaEtTb1VBRnRMMFdyWEY4MEduXzNWNTZvMjlka08?oc=5,CPO Test Won’t Scale Without Standardization - Semiconductor Engineering,CPO Test Won’t Scale Without Standardization Semiconductor Engineering,CPO and optical interconnect,,ANET; CIEN; COHR; CRDO; FN; GLW; LITE; MRVL; NVDA,000988.SZ; 300308.SZ; 300502.SZ; 000938.SZ; 002281.SZ; 002463.SZ; 300394.SZ; 688041.SS; 688256.SS; 688498.SS,64,78,2026-08-17T13:51:49.734235+00:00
640a108a351bc453,2026-08-11,news,Google News: long context inference serving KV cache AI,https://news.google.com/rss/articles/CBMikwFBVV95cUxQM0w2N3c1Zm8zcVNCdFpUMEZmbTlBdWJqbEV2ai1DcUx3ZDR2RE9KZUZNTDJNR25lamN0bnpBeWgyVWdyTHN1V1o5VGF6YkdRNGdYUGZDZkJ3ZEoyQkpvZEhyclU0RWtoaUktcHR2ZWRZcHB1TXd6ZUJvMXpBS3h1c3k4VEpDTTlIZWNJbEVuM2lXZm8?oc=5,AI Cost Optimization: How to Reduce LLM and Inference Costs in Production - snowflake.com,AI Cost Optimization: How to Reduce LLM and Inference Costs in Production snowflake.com,AI inference serving and networking,SNOW,AMD; AMZN; ANET; AVGO; CRDO; CRWV; GOOG; MRVL; MSFT; NBIS; NVDA; ORCL; SNOW,002156.SZ; 002463.SZ; 300442.SZ; 688041.SS; 688256.SS,64,78,2026-08-17T13:51:49.734235+00:00
533b857d1fc62cb8,2026-08-11,news,Google News: long context inference serving KV cache AI,https://news.google.com/rss/articles/CBMi3AFBVV95cUxOMmFBM000aDZiS19leUo2N21IQWxFWmNoOHlKSldqMkJmdEhCS25IR0tPVEp6V1FmOThLRUF5V3EweU1rdW5YZjRTdDJ6bTlGd3pDOFlCVmEybTVtXzVpT1pHeEFPZzJzenpYWVJSMExVenVtWktlbjBqcWZGRklVQVhYbWlydXJUSElmU05HT0J2R1d6cjQ3UUJFWHpCY3lvOTdSUUIyUzZlU0xISGlsYkNTLV9PeXBjR01KTmVUckthbmEyVXMtNmJWeTUtZ0lmUGQxQldSRmo2NzdM?oc=5,Gartner Marks First Year Inference Spending Beats AI Training: 55 Cents of Every Cloud Dollar - Tech Times,Gartner Marks First Year Inference Spending Beats AI Training: 55 Cents of Every Cloud Dollar Tech Times,AI inference serving and networking,,AMD; AMZN; ANET; AVGO; CRDO; CRWV; GOOG; MRVL; MSFT; NBIS; NVDA; ORCL,002156.SZ; 002463.SZ; 300442.SZ; 688041.SS; 688256.SS,64,78,2026-08-17T13:51:49.734235+00:00
71b6d8d8cb31ea53,2026-08-11,news,Google News: HBM AI server storage memory bandwidth,https://news.google.com/rss/articles/CBMipgFBVV95cUxPWmJFVVJLRXVIeVFWck9MQzQwLWUtbklSazFadk90REp1LVpRZ1c2aThTY1B3LXBHVVpBSXlHSVdVeFlLVWRSR0poV2xLX292dVNzR0FyTXprbjNNOGk2RFhkazFQUS00akVhTGJjdDVfbGhmdEstX2RwQUIzWWJCNWRKT3Z5SVhHdXp0YkxSMzdzNUNNZHUxY1RYSTdvbzhMcXlXTDhB?oc=5,Memorable Memory: 5 Highlights From the Future of Memory & Storage Show - All About Circuits,Memorable Memory: 5 Highlights From the Future of Memory & Storage Show All About Circuits,HBM memory and context storage,,AMD; MU; NTAP; NVDA; PSTG; SNDK; STX; WDC,001309.SZ; 301308.SZ; 603986.SS; 688535.SS; 000021.SZ; 002156.SZ; 002409.SZ; 300604.SZ; 688019.SS; 688041.SS; 688256.SS; 688300.SS; 688525.SS; 002436.SZ,64,78,2026-08-17T13:51:49.734235+00:00
64e658e8724db30a,2026-08-11,news,Google News: HBM AI server storage memory bandwidth,https://news.google.com/rss/articles/CBMiigJBVV95cUxNa2ZkWWluWWVISEJYLTdzSXNIOW5Ea3N4Wlk3Q0J0enlsU29FNWthSXpMXzR2Mm9LVFJfcWtXeXF2U2lGWWM1WlkySDI1VmJVQlY3MWlEb0hjckg2T1h1NzhYa08zSkRneWdNTEhhcjBJeWVoV1k4bTg3ek5vRDVIYTI1Qy10QXZvNVctQXdmdXRMcGhoN19QR3cxdV90Z1lxcG1VZ0JlV3lsV203czRRYWZ4SnNfYVlVdG9qelVlVExmMzhnNlhNZFlGSWh0Snlrd3BoR3VJY1RSbTV2VFM1dkNRdndUbW9qMHJZQmhKZ0NfdFVuc183R1pxYTFuVjQyRVRqbUR0ZUF1QQ?oc=5,SMCI Stock Soars After-Hours — Supermicro’s Q1 And FY27 Revenue Outlook Blasts Past Estimates As AI Spending Marches On - TradingView,SMCI Stock Soars After-Hours — Supermicro’s Q1 And FY27 Revenue Outlook Blasts Past Estimates As AI Spending Marches On TradingView,HBM memory and context storage,SMCI,AMD; MU; NTAP; NVDA; PSTG; SMCI; SNDK; STX; WDC,001309.SZ; 301308.SZ; 603986.SS; 688535.SS; 000021.SZ; 002156.SZ; 002409.SZ; 300604.SZ; 688019.SS; 688041.SS; 688256.SS; 688300.SS; 688525.SS; 002436.SZ,64,78,2026-08-17T13:51:49.734235+00:00
32697211472f00e5,2026-08-11,news,Google News: HBM AI server storage memory bandwidth,https://news.google.com/rss/articles/CBMitwFBVV95cUxNSkZ2eXQxaFFQZVlPdHI5TUpCcXJMN2FTWFNiVndhR0IxcHJPeFlqVDlaSXIyc0RPNUhmcTUxQ1dhS3Z6VDdPdy1odkQ3emhxelBQbEJ3ZmhXR2tkcjZJeVZBOWprdFl3TS0xclV3Um5qUXRKTXNWMmwwQ0ktVXlOaDZSQU5nbDEzaWFWMTFUMHNGZFNkS1lGVzhzTFZaRHN4Y2U5YTE4R2JVajNQWkZZZVJicWZaUms?oc=5,HBM supply hits limits as memory race shifts from bandwidth to utilisation - 디지털투데이,HBM supply hits limits as memory race shifts from bandwidth to utilisation 디지털투데이,HBM memory and context storage,,AMD; MU; NTAP; NVDA; PSTG; SNDK; STX; WDC,001309.SZ; 301308.SZ; 603986.SS; 688535.SS; 000021.SZ; 002156.SZ; 002409.SZ; 300604.SZ; 688019.SS; 688041.SS; 688256.SS; 688300.SS; 688525.SS; 002436.SZ,64,78,2026-08-17T13:51:49.734235+00:00
a9279c6f2f1da67d,2026-08-11,news,Google News: AI PCB CCL advanced packaging server,https://news.google.com/rss/articles/CBMidkFVX3lxTFBxYVdmU080TW94SFZILXNwNkplVGtqUjhWaUhuTUNJQWhMRHdINVJQYS0yaW1QZkQybXcwR08wcmRrWVRBdWlQckYwZTYyVGZIQ1Qwdi1BWXBIYkRiSFpFRm5NT0k5NjR3d21hNUZ1YkxXSXVIWGc?oc=5,"Wah Lee First-Half EPS Hits NT$5.93, Surpassing Half Its Paid-In Capital; Exposure Machine Orders Extend to 2030 - finance.biggo.com","Wah Lee First-Half EPS Hits NT$5.93, Surpassing Half Its Paid-In Capital; Exposure Machine Orders Extend to 2030 finance.biggo.com",AI PCB and advanced packaging,,AMKR; ANET; ASML; AVGO; DELL; INTC; MRVL; NVDA; TSM,002436.SZ; 002463.SZ; 002916.SZ; 300476.SZ; 600183.SS; 603228.SS; 688300.SS; 000938.SZ; 000977.SZ; 002156.SZ; 002371.SZ; 002409.SZ; 300054.SZ; 300236.SZ; 300346.SZ; 300604.SZ; 300666.SZ; 300870.SZ; 600206.SS; 601138.SS; 688012.SS; 688019.SS; 688041.SS; 688072.SS,64,78,2026-08-17T13:51:49.734235+00:00
38997f1f7a1d1882,2026-08-11,news,Google News: US domestic semiconductor supply chain advanced packaging materials equipment,https://news.google.com/rss/articles/CBMiswFBVV95cUxNWmgxM0NGSHU4SlN2MHQ5VDloRy1BdWdQc205WVNGcEJ1aVFkeXZfbVZIVnBLT2FORHF1TzM0X0tMbHE2RGRIN05ieFRNNmQ2dXhvblE2LWU4cDJKV1lMN2piV0xYYktLVTBEQWpoMElSX2pVNFIwc3hOMnQ2T0tJWjc2NnVYRWcwRUh0bkpLNlp1TUFiYkZGV0hMZ180MHRBUWd0b2pGeS1VUEZNdVg1WC15TQ?oc=5,"US semiconductor push offers Việt Nam opportunities, policy challenges - vietnamnews.vn","US semiconductor push offers Việt Nam opportunities, policy challenges vietnamnews.vn",Semiconductor materials and consumables,,AMAT; ENTG; INTC; LRCX; Q; TSM,300054.SZ; 688019.SS; 688120.SS; 002409.SZ; 002436.SZ; 002916.SZ; 300236.SZ; 300346.SZ; 300666.SZ; 600206.SS; 688106.SS; 688268.SS; 688300.SS; 688535.SS,62,78,2026-08-17T13:51:49.734235+00:00
55f2baea29955703,2026-08-11,news,Google News: US domestic semiconductor supply chain advanced packaging materials equipment,https://news.google.com/rss/articles/CBMiggFBVV95cUxOWEV4MFZVemhNWW84dkdXdVlqMWhwZXhyVTZHX0Jtd3pVdzNFSkthTHp6RzN3bDdkcEtveWpYcUltaEVqX01LNjV4ak5VTll2TFVzNmMwbDNZN2xaN1dGc0lHRVkzOENiaklSbl9Bb0dOT0RSSllIWFFhQ3ZxdHdyNFZ3?oc=5,China Is Building a Chip-Equipment Industry Without Applied Materials - Dr. Robert Castellano's Semiconductor Deep Dive Newsletter,China Is Building a Chip-Equipment Industry Without Applied Materials Dr. Robert Castellano's Semiconductor Deep Dive Newsletter,Semiconductor materials and consumables,AMAT,AMAT; ENTG; INTC; LRCX; Q; TSM,300054.SZ; 688019.SS; 688120.SS; 002409.SZ; 002436.SZ; 002916.SZ; 300236.SZ; 300346.SZ; 300666.SZ; 600206.SS; 688106.SS; 688268.SS; 688300.SS; 688535.SS,62,78,2026-08-17T13:51:49.734235+00:00
73529fc6a509323a,2026-08-11,news,Google News: physical AI robotics world model,https://news.google.com/rss/articles/CBMisgFBVV95cUxPcFlNR1RNSkhWUFNNSDJib0NLd0ZuSUpZcHhnM1BzdzU5MFVSV2cwaGZyQUV5WVZ3REYzZDhvQXFMVGNEdjR2aVlWOE1SLVFGMnlWYkJ5YmZVV3gtWkxlZHRnN1ptMGhDMUFreTRwYmFOU2Nob05GajdXWnl5a2xjbDU1cVRCVEMwLWxPTUxfdmtRTW9RM21UVzdETWRIVkxaZE1wTlNhR1NxY19IaXhSWG9B?oc=5,LTX turns on open world model for video & real-time physical AI - Techzine Global,LTX turns on open world model for video & real-time physical AI Techzine Global,Physical AI and robotics,,ISRG; NVDA; ROK; TER; TSLA,002050.SZ; 601689.SS; 688041.SS; 688256.SS; 600111.SS; 000657.SZ; 300124.SZ; 688017.SS; 688322.SS,61,75,2026-08-17T13:51:49.734235+00:00
ff6a12d92cdaa73d,2026-08-11,news,Google News: physical AI robotics world model,https://news.google.com/rss/articles/CBMilwFBVV95cUxOcDlEbkJsWGFDczVtTi1scmxsRndXdHBnNldtWWM0ek56X0Ryd20wX1o3dWVtbGt5ZjVJM2tCZzNxWDhsYnVMdmt0Vk5OWEQyQkJPSkJaX25vVkVCN2JCcmdaZ2NWaWNxUDlFcnhXanNIVFFIUjMxYU1sSHQ5YTZBcHl1TVJSN3JVSjVFX2RRT2dzc3VEb2Jj?oc=5,This New Open-Weight AI Model Is Built for Video and Robots - CNET,This New Open-Weight AI Model Is Built for Video and Robots CNET,Physical AI and robotics,,ISRG; NVDA; ROK; TER; TSLA,002050.SZ; 601689.SS; 688041.SS; 688256.SS; 600111.SS; 000657.SZ; 300124.SZ; 688017.SS; 688322.SS,61,75,2026-08-17T13:51:49.734235+00:00
4531c44a1b6205e3,2026-08-11,news,Google News: physical AI robotics world model,https://news.google.com/rss/articles/CBMitAFBVV95cUxPejJ5Y3BBM3dvYmlJR0E4c3ViZEcxMkhGQXloZkNsSmdNQkNJbkctT2hyZnhkVmtoZmpmd3VKdmlpNFJMVU5zWjFZX1d2eU1GVHFfVlZMTGFCMzIxOFhSd2NNSUZnSUNBQkRjZnlhTlQzNDFFRk1EVjZaaWtOcWtoT3RBTVlzSGNyRjhsRlR5T1lfTEx1VmZwTEU1eVZZYUs3cmIyYnAwcUhxVGdVOXh4YW96STg?oc=5,GMEX Robotics (GMEX) details ‘Terminal + Brain’ AI-robotics platform shift - Stock Titan,GMEX Robotics (GMEX) details ‘Terminal + Brain’ AI-robotics platform shift Stock Titan,Physical AI and robotics,,ISRG; NVDA; ROK; TER; TSLA,002050.SZ; 601689.SS; 688041.SS; 688256.SS; 600111.SS; 000657.SZ; 300124.SZ; 688017.SS; 688322.SS,61,75,2026-08-17T13:51:49.734235+00:00
49059a95a1796603,2026-08-11,news,Google News: physical AI robotics world model,https://news.google.com/rss/articles/CBMigwFBVV95cUxPV3RwYUR2QWRNbFpyM3pSYnlQSFdWeTN0Q3lWWkdMX0lhSFpyVExfZFpSWGhGLXg4XzRHNkEyREhGTWZHbjAyWTN3T1JzNmFtSzZ1LUtSUG1wXzdwSFdLczRFS0t2eVZMVkpSSlcwaGtoNUFxT09ubU5nRDNUNFFheGFaWQ?oc=5,Dexterity AI Robots Automate Trailer Loading for FedEx at Maryland Hub - Thomasnet,Dexterity AI Robots Automate Trailer Loading for FedEx at Maryland Hub Thomasnet,Physical AI and robotics,,ISRG; NVDA; ROK; TER; TSLA,002050.SZ; 601689.SS; 688041.SS; 688256.SS; 600111.SS; 000657.SZ; 300124.SZ; 688017.SS; 688322.SS,61,75,2026-08-17T13:51:49.734235+00:00
9ea94ae9f97a9d26,2026-08-11,news,Google News: physical AI robotics world model,https://news.google.com/rss/articles/CBMiswFBVV95cUxPVkpGd3FSS3U1Y04tQUVEREFuV0N1TWxDank3aGtGRVJQNDZWdFF5TFF4d0hqLXZPU1lwN0hJRG13VGpXcExmRU1HVUg4OElHQ3dWMUotLTV6Nmh6REVWOWxIRDdQX0RoSGN5dlVQU3hZSXlOd25pdXJqSms0RVgxV0czNW12eTdXOEVhWEJ4VDFfcEdwcXlCZy02SXVFdjZTejZWWVV5alJ4TG8zS3h4X3U5RQ?oc=5,Dyna Robotics Unveils World Action Model Trained on 1M Hours of Human Video - AI Insider,Dyna Robotics Unveils World Action Model Trained on 1M Hours of Human Video AI Insider,Physical AI and robotics,,ISRG; NVDA; ROK; TER; TSLA,002050.SZ; 601689.SS; 688041.SS; 688256.SS; 600111.SS; 000657.SZ; 300124.SZ; 688017.SS; 688322.SS,61,75,2026-08-17T13:51:49.734235+00:00
1e981d2a740f6f62,2026-08-10,news,Google News: AI PCB CCL advanced packaging server,https://news.google.com/rss/articles/CBMidkFVX3lxTFBFbGw5TklDSXdNNEN6Vkp1NzFtOUtsQzFlRzFrcjFmSDNla0VsRXFaMzBMejBfMjl2VnBZR3dmVm50cTBuUEhsbkRQWlRtZTlWaFdDRFdzMzF6N2FuOHZrQ2RpUFhLa3QyaXJ2VkJRdnRQQ2dvenc?oc=5,"First-Ever PCB Supply Chain ETF Launches: 009828 Packs 30 Taiwan, Japan, Korea Leaders, Opens August 17 - finance.biggo.com","First-Ever PCB Supply Chain ETF Launches: 009828 Packs 30 Taiwan, Japan, Korea Leaders, Opens August 17 finance.biggo.com",AI PCB and advanced packaging,,AMKR; ANET; ASML; AVGO; DELL; INTC; MRVL; NVDA; TSM,002436.SZ; 002463.SZ; 002916.SZ; 300476.SZ; 600183.SS; 603228.SS; 688300.SS; 000938.SZ; 000977.SZ; 002156.SZ; 002371.SZ; 002409.SZ; 300054.SZ; 300236.SZ; 300346.SZ; 300604.SZ; 300666.SZ; 300870.SZ; 600206.SS; 601138.SS; 688012.SS; 688019.SS; 688041.SS; 688072.SS,64,78,2026-08-17T13:51:49.734235+00:00
145dae84615deb2f,2026-08-10,news,Google News: US domestic semiconductor supply chain advanced packaging materials equipment,https://news.google.com/rss/articles/CBMiogFBVV95cUxQTmJlN3JNemdDYUxBaThfbHBnV2xCVEpiYjk3c1FRS2tRVS16N1B1RkVVZnVDN1R6bUp2d0NPYWdCa3lLaFpzWXJwS2ZIc2JpaUdfOTZHTjBUTXhYNUR0MEVnQ21nZXE1ZnFFaFdnYVdsWUVUNlNOSjJIaEpuMFdqOVhxMER0MzJTY0lyaERodzNGX1pUTmI1RWNBUnZKUnpldnc?oc=5,Building America's $265B Chip Fortress: Inside TSMC's Arizona Campus - Dealroom,Building America's $265B Chip Fortress: Inside TSMC's Arizona Campus Dealroom,Semiconductor materials and consumables,,AMAT; ENTG; INTC; LRCX; Q; TSM,300054.SZ; 688019.SS; 688120.SS; 002409.SZ; 002436.SZ; 002916.SZ; 300236.SZ; 300346.SZ; 300666.SZ; 600206.SS; 688106.SS; 688268.SS; 688300.SS; 688535.SS,62,78,2026-08-17T13:51:49.734235+00:00
c2a35baaa010bb74,2026-08-10,news,Google News: physical AI robotics world model,https://news.google.com/rss/articles/CBMijgFBVV95cUxNUzVxRERCcXBuNUl1UGF3ZkgyQ2c0YWxNQThRVHdReFc5Qm9mUjd6UDBvd0xfckp0dTF4cm5Scjc0eTVZY0JnRWhwcUlRQXE0bjZCQ3NjRTNoczIzMWtRU01BZWxzb0hsUEpSaERFNHBBOU5sVUEtMmRLY3dPRVdmSFI2SW5LM3F4VUdsWXl3?oc=5,"With a feel for physics, AI models simulate a wider range of real-world scenarios - MIT News","With a feel for physics, AI models simulate a wider range of real-world scenarios MIT News",Physical AI and robotics,,ISRG; NVDA; ROK; TER; TSLA,002050.SZ; 601689.SS; 688041.SS; 688256.SS; 600111.SS; 000657.SZ; 300124.SZ; 688017.SS; 688322.SS,61,75,2026-08-17T13:51:49.734235+00:00
8d021b242ba8a949,2026-08-10,arxiv,arXiv: Long context and KV cache,https://arxiv.org/abs/2608.10296v1,Cracks in the Foundation: Seemingly Minor Architectural Choices Impact Long Context Extension,"One might imagine that architectural variations within the dense transformer paradigm have a limited effect on accuracy. However, we demonstrate that this is not the case in the long context setting. Specifically, we show that a set of four minor architectural decisions --- all made by at least one of the Olmo, Llama, and Qwen dense model families --- have a compoundingly negative effect on long context extensibility. Any one of these choices alone has a minor impact on long context performance, but combining three or more can drop the performance downstream by up to 47%. Furthermore, these differences are not detectable from short-context loss or validation datasets. We show that much of the variation in long context ability across model families is driven by these architectural features and detectable from applying context extension early in pretraining. We demonstrate this with controlled ablations that hold data, tokenizer, and extension recipe fixed while varying normalization, GQA, pretraining context length, and sliding window attention. After over 170,000 GPU hours of training, we release the resulting set of models as OlmPool, a set of 26 comparable 7B models with checkpo…",HBM memory and context storage,,AMD; AMZN; GOOG; MSFT; MU; NTAP; NVDA; ORCL; PSTG; SNDK; STX; WDC,001309.SZ; 301308.SZ; 603986.SS; 688535.SS; 000021.SZ; 002156.SZ; 002409.SZ; 300604.SZ; 688019.SS; 688041.SS; 688256.SS; 688300.SS; 688525.SS; 002436.SZ,58,72,2026-08-17T13:51:57.394509+00:00
