run_date,ticker,company,market,pool_presence,theme,chain_layer,mapped_us,why_now,source_strength_score,exposure_purity_score,paper_signal_score,novelty_score,sentiment_score,market_setup_score,risk_score,total_score,recommendation,review_status,supporting_signals,supporting_papers,price,change_percent,quote_timestamp,notes
2026-08-17,002463.SZ,沪电股份,A股,online_pool,AI PCB and advanced packaging; AI data center power and cooling; AI inference serving and networking; CPO and optical interconnect,上游,,"Securing the Infrastructure of Intelligence / CPO, the new frontrunner in AI infrastructure, kicks into high gear. Which related companies in the optical component s… / AI data center optical interconnect market to hit $144 billion by 2030, an over ten-fold increase from 2024 figures, ac… / FreeBalance: Pre-Routing Online Moe Load Balancing via Residual Workload Prediction / DeaMoE: Efficient MoE Structure for Fast Small-Batch Decoding",20,13,15,10,10,8,5,81,already_in_pool,pending,365ed4c2b4702223; a6bf522f27308172; b47271334842b99d; a75a670d2243d50e; f6af3e2720eb7f99; c29f738ca5b1a15c; 5afcbe64a09c3138; 0a32c7f7ef347ae1; 25ec4cc67688384f; ec1071df20379d31; 71c8c921f71e2f31; 9082a1eab58570f3,2608.14205v1; 2608.14385v1; 2608.13911v1; 2608.13524v1; 2608.13335v1; 2608.13505v1; 2608.12146v1; 2608.12447v1; 2608.12251v1; 2608.11785v1,125.09,3.15,2026-08-17T01:30:00+00:00,日内位置温和
2026-08-17,301308.SZ,江波龙,A股,online_pool,AI data center power and cooling; AI inference serving and networking; HBM memory and context storage; Physical AI and robotics,上游,,"2026 FMS Shows Storage And Memory Market Continued Growth - Forbes / South Korea Chip Data: Memory Up 277%, Logic Down; AI Buys Bandwidth, Not Compute - Tech Times / Apple Tests CXMT DRAM for iPhones and MacBooks Amid AI-Driven Memory Shortage - KuCoin / KV Cache Compression Through the Lens of Transform Coding / SimpleOPD: Simple Tokenizer-Agnostic On-Policy Distillation for Long-Context Reasoning",20,13,15,10,10,8,5,81,already_in_pool,pending,ab6f8695ac59cd84; 3b613198df9e58f3; ec84e354fd491b00; 423ddda8dafe6cb2; d4c17a2067a6873c; e14d4100b9dadc7b; 02b8f3425b8d493a; 2a2fd8ddf7f5c7cd; 41f75797397c2220; 7d5c870de5e5f478; 75f34453b423d85e; a6798fa2f476014b,2608.14191v1; 2608.14277v1; 2608.13831v1; 2608.13426v1; 2608.13334v1; 2608.11742v1; 2608.12218v2; 2608.11587v1; 2608.12627v1; 2608.10296v1,419.26,3.1517,2026-08-17T01:30:00+00:00,日内位置温和
2026-08-17,ANET,Arista Networks,美股,online_pool,AI PCB and advanced packaging; AI inference serving and networking; CPO and optical interconnect; HBM memory and context storage,中游,ANET,"Securing the Infrastructure of Intelligence / CPO, the new frontrunner in AI infrastructure, kicks into high gear. Which related companies in the optical component s… / AI data center optical interconnect market to hit $144 billion by 2030, an over ten-fold increase from 2024 figures, ac… / FreeBalance: Pre-Routing Online Moe Load Balancing via Residual Workload Prediction / DeaMoE: Efficient MoE Structure for Fast Small-Batch Decoding",20,13,15,10,10,8,5,81,already_in_pool,pending,365ed4c2b4702223; a6bf522f27308172; b47271334842b99d; f6af3e2720eb7f99; c29f738ca5b1a15c; 5afcbe64a09c3138; 0a32c7f7ef347ae1; 25ec4cc67688384f; ec1071df20379d31; 71c8c921f71e2f31; 9082a1eab58570f3; b016c202870195e3,2608.14205v1; 2608.14385v1; 2608.13911v1; 2608.13524v1; 2608.13335v1; 2608.13505v1; 2608.12146v1; 2608.12447v1; 2608.12251v1; 2608.11785v1,201.19,1.192,2026-08-17T13:30:00+00:00,日内位置温和
2026-08-17,NVDA,NVIDIA,美股,online_pool,AI PCB and advanced packaging; AI data center power and cooling; AI inference serving and networking; CPO and optical interconnect,上游,NVDA,"Securing the Infrastructure of Intelligence / CPO, the new frontrunner in AI infrastructure, kicks into high gear. Which related companies in the optical component s… / AI data center optical interconnect market to hit $144 billion by 2030, an over ten-fold increase from 2024 figures, ac… / KV Cache Compression Through the Lens of Transform Coding / FreeBalance: Pre-Routing Online Moe Load Balancing via Residual Workload Prediction",20,13,15,10,10,8,5,81,already_in_pool,pending,365ed4c2b4702223; a6bf522f27308172; b47271334842b99d; da7a390b066c5160; ab6f8695ac59cd84; f6af3e2720eb7f99; c29f738ca5b1a15c; 3b613198df9e58f3; ec84e354fd491b00; 5afcbe64a09c3138; 0a32c7f7ef347ae1; 25ec4cc67688384f,2608.14191v1; 2608.14205v1; 2608.14277v1; 2608.14385v1; 2608.13911v1; 2608.14481v1; 2608.13901v1; 2608.13831v1; 2608.13426v1; 2608.13334v1; 2608.13524v1; 2608.13678v1,225.41,0.111,2026-08-17T13:30:00+00:00,日内位置温和
2026-08-17,STX,Seagate Technology,美股,online_pool,AI data center power and cooling; AI inference serving and networking; HBM memory and context storage; Physical AI and robotics,上游,STX,"2026 FMS Shows Storage And Memory Market Continued Growth - Forbes / South Korea Chip Data: Memory Up 277%, Logic Down; AI Buys Bandwidth, Not Compute - Tech Times / Apple Tests CXMT DRAM for iPhones and MacBooks Amid AI-Driven Memory Shortage - KuCoin / KV Cache Compression Through the Lens of Transform Coding / SimpleOPD: Simple Tokenizer-Agnostic On-Policy Distillation for Long-Context Reasoning",20,13,15,10,10,8,5,81,already_in_pool,pending,ab6f8695ac59cd84; 3b613198df9e58f3; ec84e354fd491b00; 423ddda8dafe6cb2; d4c17a2067a6873c; e14d4100b9dadc7b; 02b8f3425b8d493a; 2a2fd8ddf7f5c7cd; 41f75797397c2220; 7d5c870de5e5f478; 75f34453b423d85e; a6798fa2f476014b,2608.14191v1; 2608.14277v1; 2608.13831v1; 2608.13426v1; 2608.13334v1; 2608.11742v1; 2608.12218v2; 2608.11587v1; 2608.12627v1; 2608.10296v1,994.17,2.1296,2026-08-17T13:30:00+00:00,日内位置温和
2026-08-17,AVGO,Broadcom,美股,online_pool,AI PCB and advanced packaging; AI inference serving and networking; HBM memory and context storage; Rack-scale AI factory,上游,AVGO,"Securing the Infrastructure of Intelligence / AMAT, AVGO Expand AI Supply Chain Push With New Packaging Technology Partnership - Stocktwits / SanDisk Investor Day: Caching Out the NAND Cycle with Contracts - Counterpoint Research / FreeBalance: Pre-Routing Online Moe Load Balancing via Residual Workload Prediction / DeaMoE: Efficient MoE Structure for Fast Small-Batch Decoding",19,13,15,10,10,8,5,80,already_in_pool,pending,365ed4c2b4702223; f6af3e2720eb7f99; 423ddda8dafe6cb2; 0e61c03f19e6328d; b3521dda5a5486d7; 12287f884ae40c81; dd66f5524d6a75f5; 99ce768278cc0431; 09bd7158a723dd15; 7d5c870de5e5f478; 75f34453b423d85e; b07c783b4128809d,2608.14205v1; 2608.14385v1; 2608.13911v1; 2608.13524v1; 2608.13335v1; 2608.13505v1; 2608.12146v1; 2608.12447v1; 2608.12251v1; 2608.11785v1,393.98,0.2519,2026-08-17T13:30:00+00:00,日内位置温和
2026-08-17,000021.SZ,深科技,A股,online_pool,AI data center power and cooling; AI inference serving and networking; HBM memory and context storage; Physical AI and robotics,上游,,"2026 FMS Shows Storage And Memory Market Continued Growth - Forbes / South Korea Chip Data: Memory Up 277%, Logic Down; AI Buys Bandwidth, Not Compute - Tech Times / Apple Tests CXMT DRAM for iPhones and MacBooks Amid AI-Driven Memory Shortage - KuCoin / KV Cache Compression Through the Lens of Transform Coding / SimpleOPD: Simple Tokenizer-Agnostic On-Policy Distillation for Long-Context Reasoning",20,13,15,10,10,6,5,79,already_in_pool,pending,ab6f8695ac59cd84; 3b613198df9e58f3; ec84e354fd491b00; 423ddda8dafe6cb2; d4c17a2067a6873c; e14d4100b9dadc7b; 02b8f3425b8d493a; 2a2fd8ddf7f5c7cd; 41f75797397c2220; 7d5c870de5e5f478; 75f34453b423d85e; a6798fa2f476014b,2608.14191v1; 2608.14277v1; 2608.13831v1; 2608.13426v1; 2608.13334v1; 2608.11742v1; 2608.12218v2; 2608.11587v1; 2608.12627v1; 2608.10296v1,42.6,5.8911,2026-08-17T01:30:00+00:00,日内较强，注意追高
2026-08-17,600875.SS,东方电气,A股,online_pool,AI data center power and cooling; AI inference serving and networking; HBM memory and context storage,中游,,"Trane Technologies, Eaton unveil power and cooling design for AI data centers (TT:NYSE) - Seeking Alpha / Trinity Biotech (TRIB) makes AI data-center cooling push - Stock Titan / Planning liquid cooling for new AI data center builds in India - datacenterdynamics.com / KV Cache Compression Through the Lens of Transform Coding / FreeBalance: Pre-Routing Online Moe Load Balancing via Residual Workload Prediction",19,13,14,10,10,8,5,79,already_in_pool,pending,bd61668fc67f5e6f; 1142bf76e9e59933; a75a670d2243d50e; e4809ee569374d02; b56aa5507262f906; 80cae1d1b535e111; 2a2fd8ddf7f5c7cd; 99ce768278cc0431; 18260bb817c4b462; 598e81a5eb0e58b5; b69d3b4e664618a3; a8f9128382ec082a,2608.14191v1; 2608.14205v1; 2608.13831v1; 2608.13334v1,27.98,3.9762,2026-08-17T01:30:00+00:00,日内位置温和
2026-08-17,603986.SS,兆易创新,A股,online_pool,AI data center power and cooling; AI inference serving and networking; HBM memory and context storage; Physical AI and robotics,上游,,"2026 FMS Shows Storage And Memory Market Continued Growth - Forbes / South Korea Chip Data: Memory Up 277%, Logic Down; AI Buys Bandwidth, Not Compute - Tech Times / Apple Tests CXMT DRAM for iPhones and MacBooks Amid AI-Driven Memory Shortage - KuCoin / KV Cache Compression Through the Lens of Transform Coding / SimpleOPD: Simple Tokenizer-Agnostic On-Policy Distillation for Long-Context Reasoning",20,13,15,10,10,6,5,79,already_in_pool,pending,ab6f8695ac59cd84; 3b613198df9e58f3; ec84e354fd491b00; 423ddda8dafe6cb2; d4c17a2067a6873c; e14d4100b9dadc7b; 02b8f3425b8d493a; 2a2fd8ddf7f5c7cd; 41f75797397c2220; 7d5c870de5e5f478; 75f34453b423d85e; a6798fa2f476014b,2608.14191v1; 2608.14277v1; 2608.13831v1; 2608.13426v1; 2608.13334v1; 2608.11742v1; 2608.12218v2; 2608.11587v1; 2608.12627v1; 2608.10296v1,444.0,6.3524,2026-08-17T01:30:00+00:00,日内较强，注意追高
2026-08-17,688019.SS,安集科技,A股,online_pool,AI PCB and advanced packaging; AI data center power and cooling; AI inference serving and networking; CPO and optical interconnect,上游,,"Semiconductor and AI revolution: Powering the future - dqindia.com / 2026 FMS Shows Storage And Memory Market Continued Growth - Forbes / AMAT, AVGO Expand AI Supply Chain Push With New Packaging Technology Partnership - Stocktwits / KV Cache Compression Through the Lens of Transform Coding / SimpleOPD: Simple Tokenizer-Agnostic On-Policy Distillation for Long-Context Reasoning",20,13,15,10,10,6,5,79,already_in_pool,pending,3a987fce52c372d3; ab6f8695ac59cd84; f6af3e2720eb7f99; f090f7460e2b9cbc; 3b613198df9e58f3; ec84e354fd491b00; b8649a1a9ee6e521; 423ddda8dafe6cb2; 49b64666f9770683; d4c17a2067a6873c; e14d4100b9dadc7b; 3d208508370ff065,2608.14191v1; 2608.14277v1; 2608.13831v1; 2608.13426v1; 2608.13334v1; 2608.11742v1; 2608.12218v2; 2608.11587v1; 2608.12627v1; 2608.10296v1,261.92,5.5278,2026-08-17T01:30:00+00:00,日内较强，注意追高
2026-08-17,688535.SS,华海诚科,A股,online_pool,AI data center power and cooling; AI inference serving and networking; HBM memory and context storage; Physical AI and robotics,上游,,Semiconductor and AI revolution: Powering the future - dqindia.com / 2026 FMS Shows Storage And Memory Market Continued Growth - Forbes / SK Hynix Scouts US Wafer Sites as Chipflation Threatens Device Prices Worldwide - Tech Times / KV Cache Compression Through the Lens of Transform Coding / SimpleOPD: Simple Tokenizer-Agnostic On-Policy Distillation for Long-Context Reasoning,20,13,15,10,10,6,5,79,already_in_pool,pending,3a987fce52c372d3; ab6f8695ac59cd84; f090f7460e2b9cbc; 3b613198df9e58f3; ec84e354fd491b00; b8649a1a9ee6e521; 423ddda8dafe6cb2; d4c17a2067a6873c; e14d4100b9dadc7b; 3d208508370ff065; 385434534174305a; 6de66a1704dc380f,2608.14191v1; 2608.14277v1; 2608.13831v1; 2608.13426v1; 2608.13334v1; 2608.11742v1; 2608.12218v2; 2608.11587v1; 2608.12627v1; 2608.10296v1,111.72,5.9761,2026-08-17T01:30:00+00:00,日内较强，注意追高
2026-08-17,AMZN,Amazon,美股,online_pool,AI inference serving and networking; HBM memory and context storage; Rack-scale AI factory; Space defense and autonomous systems,下游,AMZN,SanDisk Investor Day: Caching Out the NAND Cycle with Contracts - Counterpoint Research / The Sequence Opinion - Issue 914: From Prompt to Token: How AI Inference Really Works - TheSequence | Jesus Rodriguez / Nscale - Nscale / FreeBalance: Pre-Routing Online Moe Load Balancing via Residual Workload Prediction / SimpleOPD: Simple Tokenizer-Agnostic On-Policy Distillation for Long-Context Reasoning,20,13,15,8,10,8,5,79,already_in_pool,pending,423ddda8dafe6cb2; 0e61c03f19e6328d; b3521dda5a5486d7; 12287f884ae40c81; 02b8f3425b8d493a; dd66f5524d6a75f5; 99ce768278cc0431; 09bd7158a723dd15; 7d5c870de5e5f478; 75f34453b423d85e; b07c783b4128809d; 446441ddf7a6da06,2608.14205v1; 2608.14277v1; 2608.14385v1; 2608.13911v1; 2608.13426v1; 2608.13334v1; 2608.13524v1; 2608.13335v1; 2608.13505v1; 2608.12218v2; 2608.11587v1; 2608.12146v1,262.6596,0.0037,2026-08-17T13:30:00+00:00,日内位置温和
2026-08-17,CRDO,Credo Technology,美股,online_pool,AI PCB and advanced packaging; AI inference serving and networking; CPO and optical interconnect; HBM memory and context storage,上游,CRDO,"Securing the Infrastructure of Intelligence / CPO, the new frontrunner in AI infrastructure, kicks into high gear. Which related companies in the optical component s… / AI data center optical interconnect market to hit $144 billion by 2030, an over ten-fold increase from 2024 figures, ac… / FreeBalance: Pre-Routing Online Moe Load Balancing via Residual Workload Prediction / DeaMoE: Efficient MoE Structure for Fast Small-Batch Decoding",20,13,15,10,10,6,5,79,already_in_pool,pending,365ed4c2b4702223; a6bf522f27308172; b47271334842b99d; c29f738ca5b1a15c; 5afcbe64a09c3138; 0a32c7f7ef347ae1; 25ec4cc67688384f; ec1071df20379d31; 71c8c921f71e2f31; 9082a1eab58570f3; b016c202870195e3; 7ae1f899668962e5,2608.14205v1; 2608.14385v1; 2608.13911v1; 2608.13524v1; 2608.13335v1; 2608.13505v1; 2608.12146v1; 2608.12447v1; 2608.12251v1; 2608.11785v1,275.3,5.9254,2026-08-17T13:30:00+00:00,日内较强，注意追高
2026-08-17,MRVL,Marvell Technology,美股,online_pool,AI PCB and advanced packaging; AI inference serving and networking; CPO and optical interconnect; HBM memory and context storage,上游,MRVL,"Securing the Infrastructure of Intelligence / CPO, the new frontrunner in AI infrastructure, kicks into high gear. Which related companies in the optical component s… / AI data center optical interconnect market to hit $144 billion by 2030, an over ten-fold increase from 2024 figures, ac… / FreeBalance: Pre-Routing Online Moe Load Balancing via Residual Workload Prediction / DeaMoE: Efficient MoE Structure for Fast Small-Batch Decoding",20,13,15,10,10,6,5,79,already_in_pool,pending,365ed4c2b4702223; a6bf522f27308172; b47271334842b99d; f6af3e2720eb7f99; c29f738ca5b1a15c; 5afcbe64a09c3138; 0a32c7f7ef347ae1; 25ec4cc67688384f; ec1071df20379d31; 71c8c921f71e2f31; 9082a1eab58570f3; b016c202870195e3,2608.14205v1; 2608.14385v1; 2608.13911v1; 2608.13524v1; 2608.13335v1; 2608.13505v1; 2608.12146v1; 2608.12447v1; 2608.12251v1; 2608.11785v1,236.63,6.5805,2026-08-17T13:30:00+00:00,日内较强，注意追高
2026-08-17,MU,Micron Technology,美股,online_pool,AI data center power and cooling; AI inference serving and networking; HBM memory and context storage; Physical AI and robotics,上游,MU,"2026 FMS Shows Storage And Memory Market Continued Growth - Forbes / South Korea Chip Data: Memory Up 277%, Logic Down; AI Buys Bandwidth, Not Compute - Tech Times / Apple Tests CXMT DRAM for iPhones and MacBooks Amid AI-Driven Memory Shortage - KuCoin / KV Cache Compression Through the Lens of Transform Coding / SimpleOPD: Simple Tokenizer-Agnostic On-Policy Distillation for Long-Context Reasoning",20,13,15,10,10,6,5,79,already_in_pool,pending,ab6f8695ac59cd84; 3b613198df9e58f3; ec84e354fd491b00; 423ddda8dafe6cb2; d4c17a2067a6873c; e14d4100b9dadc7b; 02b8f3425b8d493a; 2a2fd8ddf7f5c7cd; 41f75797397c2220; 7d5c870de5e5f478; 75f34453b423d85e; a6798fa2f476014b,2608.14191v1; 2608.14277v1; 2608.13831v1; 2608.13426v1; 2608.13334v1; 2608.11742v1; 2608.12218v2; 2608.11587v1; 2608.12627v1; 2608.10296v1,1013.47,4.3029,2026-08-17T13:30:00+00:00,日内较强，注意追高
2026-08-17,SNDK,Sandisk,美股,online_pool,AI data center power and cooling; AI inference serving and networking; HBM memory and context storage; Physical AI and robotics,上游,SNDK,"2026 FMS Shows Storage And Memory Market Continued Growth - Forbes / South Korea Chip Data: Memory Up 277%, Logic Down; AI Buys Bandwidth, Not Compute - Tech Times / Apple Tests CXMT DRAM for iPhones and MacBooks Amid AI-Driven Memory Shortage - KuCoin / KV Cache Compression Through the Lens of Transform Coding / SimpleOPD: Simple Tokenizer-Agnostic On-Policy Distillation for Long-Context Reasoning",20,13,15,10,10,6,5,79,already_in_pool,pending,ab6f8695ac59cd84; 3b613198df9e58f3; ec84e354fd491b00; 423ddda8dafe6cb2; d4c17a2067a6873c; e14d4100b9dadc7b; 02b8f3425b8d493a; 2a2fd8ddf7f5c7cd; 41f75797397c2220; 7d5c870de5e5f478; 75f34453b423d85e; a6798fa2f476014b,2608.14191v1; 2608.14277v1; 2608.13831v1; 2608.13426v1; 2608.13334v1; 2608.11742v1; 2608.12218v2; 2608.11587v1; 2608.12627v1; 2608.10296v1,1766.64,7.6491,2026-08-17T13:30:00+00:00,日内较强，注意追高
2026-08-17,WDC,Western Digital,美股,online_pool,AI data center power and cooling; AI inference serving and networking; HBM memory and context storage; Physical AI and robotics,上游,WDC,"2026 FMS Shows Storage And Memory Market Continued Growth - Forbes / South Korea Chip Data: Memory Up 277%, Logic Down; AI Buys Bandwidth, Not Compute - Tech Times / Apple Tests CXMT DRAM for iPhones and MacBooks Amid AI-Driven Memory Shortage - KuCoin / KV Cache Compression Through the Lens of Transform Coding / SimpleOPD: Simple Tokenizer-Agnostic On-Policy Distillation for Long-Context Reasoning",20,13,15,10,10,6,5,79,already_in_pool,pending,ab6f8695ac59cd84; 3b613198df9e58f3; ec84e354fd491b00; 423ddda8dafe6cb2; d4c17a2067a6873c; e14d4100b9dadc7b; 02b8f3425b8d493a; 2a2fd8ddf7f5c7cd; 41f75797397c2220; 7d5c870de5e5f478; 75f34453b423d85e; a6798fa2f476014b,2608.14191v1; 2608.14277v1; 2608.13831v1; 2608.13426v1; 2608.13334v1; 2608.11742v1; 2608.12218v2; 2608.11587v1; 2608.12627v1; 2608.10296v1,541.0,6.3286,2026-08-17T13:30:00+00:00,日内较强，注意追高
2026-08-17,000657.SZ,中钨高新,A股,online_pool,Physical AI and robotics; Rack-scale AI factory; Space defense and autonomous systems,上游,,"Gravis Robotics raises $200M for autonomous construction - The Robot Report / LG and Nvidia Expand Partnership Across Robotics, AI Factories and Mobility - Yahoo Finance / LG and Nvidia partner on robotics and AI factory development - Investing.com / Ensuring Safe Physical AI in Urban Mobility via Hazard-Informed Synthesized Envelopes / Ontology-Grounded World Models for Failure Diagnosis and Closed-Loop Repair in Physical AI Systems",16,13,15,10,10,8,5,77,already_in_pool,pending,da7a390b066c5160; 5afcbe64a09c3138; 0a32c7f7ef347ae1; 25ec4cc67688384f; ec1071df20379d31; 71c8c921f71e2f31; 9082a1eab58570f3; b016c202870195e3; 7ae1f899668962e5; 63e4d3382839aa59; ec5638ba30062e29; 1d472b6b406d0606,2608.14481v1; 2608.13901v1; 2608.13678v1; 2608.13489v1; 2608.12854v1; 2608.13438v1; 2608.13103v1; 2608.13049v1,70.49,3.2216,2026-08-17T01:30:00+00:00,日内位置温和
2026-08-17,002050.SZ,三花智控,A股,online_pool,HBM memory and context storage; Physical AI and robotics; Rack-scale AI factory; Semiconductor materials and consumables,下游,,"Gravis Robotics raises $200M for autonomous construction - The Robot Report / LG and Nvidia Expand Partnership Across Robotics, AI Factories and Mobility - Yahoo Finance / LG and Nvidia partner on robotics and AI factory development - Investing.com / Ensuring Safe Physical AI in Urban Mobility via Hazard-Informed Synthesized Envelopes / Ontology-Grounded World Models for Failure Diagnosis and Closed-Loop Repair in Physical AI Systems",16,13,15,10,10,8,5,77,already_in_pool,pending,da7a390b066c5160; 5afcbe64a09c3138; 0a32c7f7ef347ae1; 25ec4cc67688384f; ec1071df20379d31; 71c8c921f71e2f31; 9082a1eab58570f3; b016c202870195e3; 7ae1f899668962e5; 63e4d3382839aa59; ec5638ba30062e29; 1d472b6b406d0606,2608.14481v1; 2608.13901v1; 2608.13678v1; 2608.13489v1; 2608.12854v1; 2608.13438v1; 2608.13103v1; 2608.13049v1,39.02,1.8799,2026-08-17T01:30:00+00:00,日内位置温和
2026-08-17,300124.SZ,汇川技术,A股,online_pool,Physical AI and robotics; Space defense and autonomous systems,下游,,Gravis Robotics raises $200M for autonomous construction - The Robot Report / From Self-Driving Vehicles to Physical AI: The Inventions Behind Autonomous Systems - Foley & Lardner LLP / How world models could help AI navigate the physical world - The World Economic Forum / Ensuring Safe Physical AI in Urban Mobility via Hazard-Informed Synthesized Envelopes / Ontology-Grounded World Models for Failure Diagnosis and Closed-Loop Repair in Physical AI Systems,16,13,15,10,10,8,5,77,already_in_pool,pending,da7a390b066c5160; ec5638ba30062e29; 1d472b6b406d0606; c41efc4defb70428; a4bdc6f8d67b2d0c; 2390b9b038eaecb9; bfadda7aac772315; fa2fefd00950e130; c289296b2f1f4caf; b5d205f775ed4ad2; f283969ca102edd8; 66b2d2d9c10e61d0,2608.14481v1; 2608.13901v1; 2608.13678v1; 2608.13489v1; 2608.12854v1; 2608.13438v1; 2608.13103v1; 2608.13049v1,61.97,1.2582,2026-08-17T01:30:00+00:00,日内位置温和
2026-08-17,600111.SS,北方稀土,A股,online_pool,Physical AI and robotics; Rack-scale AI factory; Space defense and autonomous systems,上游,,"Gravis Robotics raises $200M for autonomous construction - The Robot Report / LG and Nvidia Expand Partnership Across Robotics, AI Factories and Mobility - Yahoo Finance / LG and Nvidia partner on robotics and AI factory development - Investing.com / Ensuring Safe Physical AI in Urban Mobility via Hazard-Informed Synthesized Envelopes / Ontology-Grounded World Models for Failure Diagnosis and Closed-Loop Repair in Physical AI Systems",16,13,15,10,10,8,5,77,already_in_pool,pending,da7a390b066c5160; 5afcbe64a09c3138; 0a32c7f7ef347ae1; 25ec4cc67688384f; ec1071df20379d31; 71c8c921f71e2f31; 9082a1eab58570f3; b016c202870195e3; 7ae1f899668962e5; 63e4d3382839aa59; ec5638ba30062e29; 1d472b6b406d0606,2608.14481v1; 2608.13901v1; 2608.13678v1; 2608.13489v1; 2608.12854v1; 2608.13438v1; 2608.13103v1; 2608.13049v1,42.78,0.2813,2026-08-17T01:30:00+00:00,日内位置温和
2026-08-17,601689.SS,拓普集团,A股,online_pool,HBM memory and context storage; Physical AI and robotics; Rack-scale AI factory; Semiconductor materials and consumables,下游,,"Gravis Robotics raises $200M for autonomous construction - The Robot Report / LG and Nvidia Expand Partnership Across Robotics, AI Factories and Mobility - Yahoo Finance / LG and Nvidia partner on robotics and AI factory development - Investing.com / Ensuring Safe Physical AI in Urban Mobility via Hazard-Informed Synthesized Envelopes / Ontology-Grounded World Models for Failure Diagnosis and Closed-Loop Repair in Physical AI Systems",16,13,15,10,10,8,5,77,already_in_pool,pending,da7a390b066c5160; 5afcbe64a09c3138; 0a32c7f7ef347ae1; 25ec4cc67688384f; ec1071df20379d31; 71c8c921f71e2f31; 9082a1eab58570f3; b016c202870195e3; 7ae1f899668962e5; 63e4d3382839aa59; ec5638ba30062e29; 1d472b6b406d0606,2608.14481v1; 2608.13901v1; 2608.13678v1; 2608.13489v1; 2608.12854v1; 2608.13438v1; 2608.13103v1; 2608.13049v1,50.31,1.6158,2026-08-17T01:30:00+00:00,日内位置温和
2026-08-17,688322.SS,奥比中光,A股,online_pool,Physical AI and robotics; Space defense and autonomous systems,下游,,Gravis Robotics raises $200M for autonomous construction - The Robot Report / From Self-Driving Vehicles to Physical AI: The Inventions Behind Autonomous Systems - Foley & Lardner LLP / How world models could help AI navigate the physical world - The World Economic Forum / Ensuring Safe Physical AI in Urban Mobility via Hazard-Informed Synthesized Envelopes / Ontology-Grounded World Models for Failure Diagnosis and Closed-Loop Repair in Physical AI Systems,16,13,15,10,10,8,5,77,already_in_pool,pending,da7a390b066c5160; ec5638ba30062e29; 1d472b6b406d0606; c41efc4defb70428; a4bdc6f8d67b2d0c; 2390b9b038eaecb9; bfadda7aac772315; fa2fefd00950e130; c289296b2f1f4caf; b5d205f775ed4ad2; f283969ca102edd8; 66b2d2d9c10e61d0,2608.14481v1; 2608.13901v1; 2608.13678v1; 2608.13489v1; 2608.12854v1; 2608.13438v1; 2608.13103v1; 2608.13049v1,113.0,2.746,2026-08-17T01:30:00+00:00,日内位置温和
2026-08-17,BE,Bloom Energy,美股,online_pool,AI data center power and cooling; AI inference serving and networking; HBM memory and context storage,中游,BE,"Trane Technologies, Eaton unveil power and cooling design for AI data centers (TT:NYSE) - Seeking Alpha / Trinity Biotech (TRIB) makes AI data-center cooling push - Stock Titan / Planning liquid cooling for new AI data center builds in India - datacenterdynamics.com / KV Cache Compression Through the Lens of Transform Coding / FreeBalance: Pre-Routing Online Moe Load Balancing via Residual Workload Prediction",19,13,14,10,10,6,5,77,already_in_pool,pending,bd61668fc67f5e6f; 1142bf76e9e59933; a75a670d2243d50e; e4809ee569374d02; b56aa5507262f906; 80cae1d1b535e111; 2a2fd8ddf7f5c7cd; 99ce768278cc0431; 18260bb817c4b462; 598e81a5eb0e58b5; b69d3b4e664618a3; a8f9128382ec082a,2608.14191v1; 2608.14205v1; 2608.13831v1; 2608.13334v1,240.5,4.5925,2026-08-17T13:30:00+00:00,日内较强，注意追高
2026-08-17,TSLA,Tesla,美股,online_pool,HBM memory and context storage; Physical AI and robotics; Rack-scale AI factory; Semiconductor materials and consumables,下游,TSLA,"Gravis Robotics raises $200M for autonomous construction - The Robot Report / LG and Nvidia Expand Partnership Across Robotics, AI Factories and Mobility - Yahoo Finance / LG and Nvidia partner on robotics and AI factory development - Investing.com / Ensuring Safe Physical AI in Urban Mobility via Hazard-Informed Synthesized Envelopes / Ontology-Grounded World Models for Failure Diagnosis and Closed-Loop Repair in Physical AI Systems",16,13,15,10,10,8,5,77,already_in_pool,pending,da7a390b066c5160; 5afcbe64a09c3138; 0a32c7f7ef347ae1; 25ec4cc67688384f; ec1071df20379d31; 71c8c921f71e2f31; 9082a1eab58570f3; b016c202870195e3; 7ae1f899668962e5; 63e4d3382839aa59; ec5638ba30062e29; 1d472b6b406d0606,2608.14481v1; 2608.13901v1; 2608.13678v1; 2608.13489v1; 2608.12854v1; 2608.13438v1; 2608.13103v1; 2608.13049v1,342.13,-0.0409,2026-08-17T13:30:00+00:00,日内位置温和
2026-08-17,002156.SZ,通富微电,A股,online_pool,AI PCB and advanced packaging; AI data center power and cooling; AI inference serving and networking; CPO and optical interconnect,上游,,"Securing the Infrastructure of Intelligence / 2026 FMS Shows Storage And Memory Market Continued Growth - Forbes / AMAT, AVGO Expand AI Supply Chain Push With New Packaging Technology Partnership - Stocktwits / KV Cache Compression Through the Lens of Transform Coding / FreeBalance: Pre-Routing Online Moe Load Balancing via Residual Workload Prediction",20,13,15,10,10,3,5,76,already_in_pool,pending,365ed4c2b4702223; ab6f8695ac59cd84; f6af3e2720eb7f99; f090f7460e2b9cbc; 3b613198df9e58f3; ec84e354fd491b00; 423ddda8dafe6cb2; 49b64666f9770683; 0e61c03f19e6328d; b3521dda5a5486d7; 12287f884ae40c81; d4c17a2067a6873c,2608.14191v1; 2608.14205v1; 2608.14277v1; 2608.14385v1; 2608.13911v1; 2608.13831v1; 2608.13426v1; 2608.13334v1; 2608.13524v1; 2608.13335v1; 2608.13505v1; 2608.11742v1,69.26,10.0064,2026-08-17T01:30:00+00:00,日内过热，优先观察不追
2026-08-17,002436.SZ,兴森科技,A股,online_pool,AI PCB and advanced packaging; AI inference serving and networking; CPO and optical interconnect; HBM memory and context storage,上游,,Securing the Infrastructure of Intelligence / Semiconductor and AI revolution: Powering the future - dqindia.com / 2026 FMS Shows Storage And Memory Market Continued Growth - Forbes / SimpleOPD: Simple Tokenizer-Agnostic On-Policy Distillation for Long-Context Reasoning / VoiceChat-TTS: A Low-Latency Continuous Speech Synthesis Model for Interactive Agents,20,13,15,10,10,3,5,76,already_in_pool,pending,365ed4c2b4702223; 3a987fce52c372d3; ab6f8695ac59cd84; f6af3e2720eb7f99; f090f7460e2b9cbc; 3b613198df9e58f3; ec84e354fd491b00; b8649a1a9ee6e521; 423ddda8dafe6cb2; 49b64666f9770683; d4c17a2067a6873c; e14d4100b9dadc7b,2608.14277v1; 2608.13831v1; 2608.13426v1; 2608.13334v1; 2608.11742v1; 2608.12218v2; 2608.11587v1; 2608.12627v1; 2608.10296v1,38.3,9.9943,2026-08-17T01:30:00+00:00,日内过热，优先观察不追
2026-08-17,002837.SZ,英维克,A股,online_pool,AI PCB and advanced packaging; AI data center power and cooling; AI inference serving and networking; CPO and optical interconnect,中游,,"Securing the Infrastructure of Intelligence / CPO, the new frontrunner in AI infrastructure, kicks into high gear. Which related companies in the optical component s… / Trane Technologies, Eaton unveil power and cooling design for AI data centers (TT:NYSE) - Seeking Alpha / KV Cache Compression Through the Lens of Transform Coding",20,13,10,10,10,8,5,76,already_in_pool,pending,365ed4c2b4702223; a6bf522f27308172; bd61668fc67f5e6f; 1142bf76e9e59933; a75a670d2243d50e; e4809ee569374d02; b56aa5507262f906; 5afcbe64a09c3138; 0a32c7f7ef347ae1; 25ec4cc67688384f; ec1071df20379d31; 71c8c921f71e2f31,2608.14191v1,58.69,2.8026,2026-08-17T01:30:00+00:00,日内位置温和
2026-08-17,002851.SZ,麦格米特,A股,online_pool,AI PCB and advanced packaging; AI data center power and cooling; AI inference serving and networking; CPO and optical interconnect,中游,,"Securing the Infrastructure of Intelligence / CPO, the new frontrunner in AI infrastructure, kicks into high gear. Which related companies in the optical component s… / Trane Technologies, Eaton unveil power and cooling design for AI data centers (TT:NYSE) - Seeking Alpha / KV Cache Compression Through the Lens of Transform Coding",20,13,10,10,10,8,5,76,already_in_pool,pending,365ed4c2b4702223; a6bf522f27308172; bd61668fc67f5e6f; 1142bf76e9e59933; a75a670d2243d50e; e4809ee569374d02; b56aa5507262f906; 5afcbe64a09c3138; 0a32c7f7ef347ae1; 25ec4cc67688384f; ec1071df20379d31; 71c8c921f71e2f31,2608.14191v1,135.5,3.1202,2026-08-17T01:30:00+00:00,日内位置温和
2026-08-17,300499.SZ,高澜股份,A股,online_pool,AI PCB and advanced packaging; AI data center power and cooling; AI inference serving and networking; CPO and optical interconnect,中游,,"Securing the Infrastructure of Intelligence / CPO, the new frontrunner in AI infrastructure, kicks into high gear. Which related companies in the optical component s… / Trane Technologies, Eaton unveil power and cooling design for AI data centers (TT:NYSE) - Seeking Alpha / KV Cache Compression Through the Lens of Transform Coding",20,13,10,10,10,8,5,76,already_in_pool,pending,365ed4c2b4702223; a6bf522f27308172; bd61668fc67f5e6f; 1142bf76e9e59933; a75a670d2243d50e; e4809ee569374d02; b56aa5507262f906; 5afcbe64a09c3138; 0a32c7f7ef347ae1; 25ec4cc67688384f; ec1071df20379d31; 71c8c921f71e2f31,2608.14191v1,30.48,2.4538,2026-08-17T01:30:00+00:00,日内位置温和
2026-08-17,ETN,Eaton,美股,online_pool,AI PCB and advanced packaging; AI data center power and cooling; AI inference serving and networking; CPO and optical interconnect,中游,ETN,"Securing the Infrastructure of Intelligence / CPO, the new frontrunner in AI infrastructure, kicks into high gear. Which related companies in the optical component s… / Trane Technologies, Eaton unveil power and cooling design for AI data centers (TT:NYSE) - Seeking Alpha / KV Cache Compression Through the Lens of Transform Coding",20,13,10,10,10,8,5,76,already_in_pool,pending,365ed4c2b4702223; a6bf522f27308172; bd61668fc67f5e6f; 1142bf76e9e59933; a75a670d2243d50e; e4809ee569374d02; b56aa5507262f906; 5afcbe64a09c3138; 0a32c7f7ef347ae1; 25ec4cc67688384f; ec1071df20379d31; 71c8c921f71e2f31,2608.14191v1,453.39,0.4164,2026-08-17T13:30:00+00:00,日内位置温和
2026-08-17,VRT,Vertiv Holdings,美股,online_pool,AI PCB and advanced packaging; AI data center power and cooling; AI inference serving and networking; CPO and optical interconnect,中游,VRT,"Securing the Infrastructure of Intelligence / CPO, the new frontrunner in AI infrastructure, kicks into high gear. Which related companies in the optical component s… / Trane Technologies, Eaton unveil power and cooling design for AI data centers (TT:NYSE) - Seeking Alpha / KV Cache Compression Through the Lens of Transform Coding",20,13,10,10,10,8,5,76,already_in_pool,pending,365ed4c2b4702223; a6bf522f27308172; bd61668fc67f5e6f; 1142bf76e9e59933; a75a670d2243d50e; e4809ee569374d02; b56aa5507262f906; 5afcbe64a09c3138; 0a32c7f7ef347ae1; 25ec4cc67688384f; ec1071df20379d31; 71c8c921f71e2f31,2608.14191v1,297.385,1.2064,2026-08-17T13:30:00+00:00,日内位置温和
2026-08-17,003816.SZ,中国广核,A股,online_pool,AI data center power and cooling; HBM memory and context storage,中游,,"Trane Technologies, Eaton unveil power and cooling design for AI data centers (TT:NYSE) - Seeking Alpha / Trinity Biotech (TRIB) makes AI data-center cooling push - Stock Titan / Planning liquid cooling for new AI data center builds in India - datacenterdynamics.com / KV Cache Compression Through the Lens of Transform Coding",19,13,10,10,10,8,5,75,already_in_pool,pending,bd61668fc67f5e6f; 1142bf76e9e59933; a75a670d2243d50e; e4809ee569374d02; b56aa5507262f906; 80cae1d1b535e111; 2a2fd8ddf7f5c7cd; 18260bb817c4b462; 598e81a5eb0e58b5; 02a21fbb4f470bbb; 6ddf2ca712a6a8c6; c97c847975bf08a8,2608.14191v1,3.86,0.2597,2026-08-17T01:30:00+00:00,日内位置温和
2026-08-17,300442.SZ,润泽科技,A股,online_pool,AI inference serving and networking; HBM memory and context storage; Rack-scale AI factory,中游,,SanDisk Investor Day: Caching Out the NAND Cycle with Contracts - Counterpoint Research / The Sequence Opinion - Issue 914: From Prompt to Token: How AI Inference Really Works - TheSequence | Jesus Rodriguez / Nscale - Nscale / FreeBalance: Pre-Routing Online Moe Load Balancing via Residual Workload Prediction / DeaMoE: Efficient MoE Structure for Fast Small-Batch Decoding,16,13,15,8,10,8,5,75,already_in_pool,pending,423ddda8dafe6cb2; 0e61c03f19e6328d; b3521dda5a5486d7; 12287f884ae40c81; dd66f5524d6a75f5; 99ce768278cc0431; 09bd7158a723dd15; 7d5c870de5e5f478; 75f34453b423d85e; b07c783b4128809d; f63f7e66c31df355; eab57b4ec7b96b51,2608.14205v1; 2608.14385v1; 2608.13911v1; 2608.13524v1; 2608.13335v1; 2608.13505v1; 2608.12146v1; 2608.12447v1; 2608.12251v1; 2608.11785v1,72.59,2.3836,2026-08-17T01:30:00+00:00,日内位置温和
2026-08-17,601985.SS,中国核电,A股,online_pool,AI data center power and cooling; HBM memory and context storage,中游,,"Trane Technologies, Eaton unveil power and cooling design for AI data centers (TT:NYSE) - Seeking Alpha / Trinity Biotech (TRIB) makes AI data-center cooling push - Stock Titan / Planning liquid cooling for new AI data center builds in India - datacenterdynamics.com / KV Cache Compression Through the Lens of Transform Coding",19,13,10,10,10,8,5,75,already_in_pool,pending,bd61668fc67f5e6f; 1142bf76e9e59933; a75a670d2243d50e; e4809ee569374d02; b56aa5507262f906; 80cae1d1b535e111; 2a2fd8ddf7f5c7cd; 18260bb817c4b462; 598e81a5eb0e58b5; 02a21fbb4f470bbb; 6ddf2ca712a6a8c6; c97c847975bf08a8,2608.14191v1,8.77,-0.1139,2026-08-17T01:30:00+00:00,日内位置温和
2026-08-17,CRWV,CoreWeave,美股,online_pool,AI inference serving and networking; HBM memory and context storage; Rack-scale AI factory,中游,CRWV,SanDisk Investor Day: Caching Out the NAND Cycle with Contracts - Counterpoint Research / The Sequence Opinion - Issue 914: From Prompt to Token: How AI Inference Really Works - TheSequence | Jesus Rodriguez / Nscale - Nscale / FreeBalance: Pre-Routing Online Moe Load Balancing via Residual Workload Prediction / DeaMoE: Efficient MoE Structure for Fast Small-Batch Decoding,16,13,15,8,10,8,5,75,already_in_pool,pending,423ddda8dafe6cb2; 0e61c03f19e6328d; b3521dda5a5486d7; 12287f884ae40c81; dd66f5524d6a75f5; 99ce768278cc0431; 09bd7158a723dd15; 7d5c870de5e5f478; 75f34453b423d85e; b07c783b4128809d; f63f7e66c31df355; eab57b4ec7b96b51,2608.14205v1; 2608.14385v1; 2608.13911v1; 2608.13524v1; 2608.13335v1; 2608.13505v1; 2608.12146v1; 2608.12447v1; 2608.12251v1; 2608.11785v1,104.21,-0.9975,2026-08-17T13:30:00+00:00,日内位置温和
2026-08-17,CVX,Chevron,美股,online_pool,AI data center power and cooling; HBM memory and context storage,中游,CVX,"Trane Technologies, Eaton unveil power and cooling design for AI data centers (TT:NYSE) - Seeking Alpha / Trinity Biotech (TRIB) makes AI data-center cooling push - Stock Titan / Planning liquid cooling for new AI data center builds in India - datacenterdynamics.com / KV Cache Compression Through the Lens of Transform Coding",19,13,10,10,10,8,5,75,already_in_pool,pending,bd61668fc67f5e6f; 1142bf76e9e59933; a75a670d2243d50e; e4809ee569374d02; b56aa5507262f906; 80cae1d1b535e111; 2a2fd8ddf7f5c7cd; 18260bb817c4b462; 598e81a5eb0e58b5; 02a21fbb4f470bbb; 6ddf2ca712a6a8c6; c97c847975bf08a8,2608.14191v1,200.89,0.445,2026-08-17T13:30:00+00:00,日内位置温和
2026-08-17,FLNC,Fluence Energy,美股,online_pool,AI data center power and cooling; HBM memory and context storage,中游,FLNC,"Trane Technologies, Eaton unveil power and cooling design for AI data centers (TT:NYSE) - Seeking Alpha / Trinity Biotech (TRIB) makes AI data-center cooling push - Stock Titan / Planning liquid cooling for new AI data center builds in India - datacenterdynamics.com / KV Cache Compression Through the Lens of Transform Coding",19,13,10,10,10,8,5,75,already_in_pool,pending,bd61668fc67f5e6f; 1142bf76e9e59933; a75a670d2243d50e; e4809ee569374d02; b56aa5507262f906; 80cae1d1b535e111; 2a2fd8ddf7f5c7cd; 18260bb817c4b462; 598e81a5eb0e58b5; 02a21fbb4f470bbb; 6ddf2ca712a6a8c6; c97c847975bf08a8,2608.14191v1,12.96,-1.3699,2026-08-17T13:30:00+00:00,日内位置温和
2026-08-17,GEV,GE Vernova,美股,online_pool,AI data center power and cooling; HBM memory and context storage,中游,GEV,"Trane Technologies, Eaton unveil power and cooling design for AI data centers (TT:NYSE) - Seeking Alpha / Trinity Biotech (TRIB) makes AI data-center cooling push - Stock Titan / Planning liquid cooling for new AI data center builds in India - datacenterdynamics.com / KV Cache Compression Through the Lens of Transform Coding",19,13,10,10,10,8,5,75,already_in_pool,pending,bd61668fc67f5e6f; 1142bf76e9e59933; a75a670d2243d50e; e4809ee569374d02; b56aa5507262f906; 80cae1d1b535e111; 2a2fd8ddf7f5c7cd; 18260bb817c4b462; 598e81a5eb0e58b5; 02a21fbb4f470bbb; 6ddf2ca712a6a8c6; c97c847975bf08a8,2608.14191v1,1073.505,0.9645,2026-08-17T13:30:00+00:00,日内位置温和
2026-08-17,GOOG,Alphabet,美股,online_pool,AI inference serving and networking; HBM memory and context storage; Rack-scale AI factory; Space defense and autonomous systems,下游,GOOG,SanDisk Investor Day: Caching Out the NAND Cycle with Contracts - Counterpoint Research / The Sequence Opinion - Issue 914: From Prompt to Token: How AI Inference Really Works - TheSequence | Jesus Rodriguez / Nscale - Nscale / FreeBalance: Pre-Routing Online Moe Load Balancing via Residual Workload Prediction / SimpleOPD: Simple Tokenizer-Agnostic On-Policy Distillation for Long-Context Reasoning,16,13,15,8,10,8,5,75,already_in_pool,pending,423ddda8dafe6cb2; 0e61c03f19e6328d; b3521dda5a5486d7; 12287f884ae40c81; 02b8f3425b8d493a; dd66f5524d6a75f5; 99ce768278cc0431; 09bd7158a723dd15; 7d5c870de5e5f478; 75f34453b423d85e; b07c783b4128809d; 446441ddf7a6da06,2608.14205v1; 2608.14277v1; 2608.14385v1; 2608.13911v1; 2608.13426v1; 2608.13334v1; 2608.13524v1; 2608.13335v1; 2608.13505v1; 2608.12218v2; 2608.11587v1; 2608.12146v1,342.68,-0.2503,2026-08-17T13:30:00+00:00,日内位置温和
2026-08-17,LNG,Cheniere Energy,美股,online_pool,AI data center power and cooling; HBM memory and context storage,中游,LNG,"Trane Technologies, Eaton unveil power and cooling design for AI data centers (TT:NYSE) - Seeking Alpha / Trinity Biotech (TRIB) makes AI data-center cooling push - Stock Titan / Planning liquid cooling for new AI data center builds in India - datacenterdynamics.com / KV Cache Compression Through the Lens of Transform Coding",19,13,10,10,10,8,5,75,already_in_pool,pending,bd61668fc67f5e6f; 1142bf76e9e59933; a75a670d2243d50e; e4809ee569374d02; b56aa5507262f906; 80cae1d1b535e111; 2a2fd8ddf7f5c7cd; 18260bb817c4b462; 598e81a5eb0e58b5; 02a21fbb4f470bbb; 6ddf2ca712a6a8c6; c97c847975bf08a8,2608.14191v1,269.53,-0.7768,2026-08-17T13:30:00+00:00,日内位置温和
2026-08-17,MSFT,Microsoft,美股,online_pool,AI inference serving and networking; HBM memory and context storage; Rack-scale AI factory; Space defense and autonomous systems,下游,MSFT,SanDisk Investor Day: Caching Out the NAND Cycle with Contracts - Counterpoint Research / The Sequence Opinion - Issue 914: From Prompt to Token: How AI Inference Really Works - TheSequence | Jesus Rodriguez / Nscale - Nscale / FreeBalance: Pre-Routing Online Moe Load Balancing via Residual Workload Prediction / SimpleOPD: Simple Tokenizer-Agnostic On-Policy Distillation for Long-Context Reasoning,16,13,15,8,10,8,5,75,already_in_pool,pending,423ddda8dafe6cb2; 0e61c03f19e6328d; b3521dda5a5486d7; 12287f884ae40c81; 02b8f3425b8d493a; dd66f5524d6a75f5; 99ce768278cc0431; 09bd7158a723dd15; 7d5c870de5e5f478; 75f34453b423d85e; b07c783b4128809d; 446441ddf7a6da06,2608.14205v1; 2608.14277v1; 2608.14385v1; 2608.13911v1; 2608.13426v1; 2608.13334v1; 2608.13524v1; 2608.13335v1; 2608.13505v1; 2608.12218v2; 2608.11587v1; 2608.12146v1,485.86,-1.9257,2026-08-17T13:30:00+00:00,日内位置温和
2026-08-17,NBIS,Nebius Group,美股,online_pool,AI inference serving and networking; HBM memory and context storage; Rack-scale AI factory,中游,NBIS,SanDisk Investor Day: Caching Out the NAND Cycle with Contracts - Counterpoint Research / The Sequence Opinion - Issue 914: From Prompt to Token: How AI Inference Really Works - TheSequence | Jesus Rodriguez / Nscale - Nscale / FreeBalance: Pre-Routing Online Moe Load Balancing via Residual Workload Prediction / DeaMoE: Efficient MoE Structure for Fast Small-Batch Decoding,16,13,15,8,10,8,5,75,already_in_pool,pending,423ddda8dafe6cb2; 0e61c03f19e6328d; b3521dda5a5486d7; 12287f884ae40c81; dd66f5524d6a75f5; 99ce768278cc0431; 09bd7158a723dd15; 7d5c870de5e5f478; 75f34453b423d85e; b07c783b4128809d; f63f7e66c31df355; eab57b4ec7b96b51,2608.14205v1; 2608.14385v1; 2608.13911v1; 2608.13524v1; 2608.13335v1; 2608.13505v1; 2608.12146v1; 2608.12447v1; 2608.12251v1; 2608.11785v1,274.01,-1.3217,2026-08-17T13:30:00+00:00,日内位置温和
2026-08-17,OKLO,Oklo,美股,online_pool,AI data center power and cooling; HBM memory and context storage,中游,OKLO,"Trane Technologies, Eaton unveil power and cooling design for AI data centers (TT:NYSE) - Seeking Alpha / Trinity Biotech (TRIB) makes AI data-center cooling push - Stock Titan / Planning liquid cooling for new AI data center builds in India - datacenterdynamics.com / KV Cache Compression Through the Lens of Transform Coding",19,13,10,10,10,8,5,75,already_in_pool,pending,bd61668fc67f5e6f; 1142bf76e9e59933; a75a670d2243d50e; e4809ee569374d02; b56aa5507262f906; 80cae1d1b535e111; 2a2fd8ddf7f5c7cd; 18260bb817c4b462; 598e81a5eb0e58b5; 02a21fbb4f470bbb; 6ddf2ca712a6a8c6; c97c847975bf08a8,2608.14191v1,44.281,-0.2231,2026-08-17T13:30:00+00:00,日内位置温和
2026-08-17,ORCL,Oracle,美股,online_pool,AI inference serving and networking; HBM memory and context storage; Rack-scale AI factory; Space defense and autonomous systems,下游,ORCL,SanDisk Investor Day: Caching Out the NAND Cycle with Contracts - Counterpoint Research / The Sequence Opinion - Issue 914: From Prompt to Token: How AI Inference Really Works - TheSequence | Jesus Rodriguez / Nscale - Nscale / FreeBalance: Pre-Routing Online Moe Load Balancing via Residual Workload Prediction / SimpleOPD: Simple Tokenizer-Agnostic On-Policy Distillation for Long-Context Reasoning,16,13,15,8,10,8,5,75,already_in_pool,pending,423ddda8dafe6cb2; 0e61c03f19e6328d; b3521dda5a5486d7; 12287f884ae40c81; 02b8f3425b8d493a; dd66f5524d6a75f5; 99ce768278cc0431; 09bd7158a723dd15; 7d5c870de5e5f478; 75f34453b423d85e; b07c783b4128809d; 446441ddf7a6da06,2608.14205v1; 2608.14277v1; 2608.14385v1; 2608.13911v1; 2608.13426v1; 2608.13334v1; 2608.13524v1; 2608.13335v1; 2608.13505v1; 2608.12218v2; 2608.11587v1; 2608.12146v1,146.83,-2.4515,2026-08-17T13:30:00+00:00,日内位置温和
2026-08-17,SMR,NuScale Power,美股,online_pool,AI data center power and cooling; HBM memory and context storage,中游,SMR,"Trane Technologies, Eaton unveil power and cooling design for AI data centers (TT:NYSE) - Seeking Alpha / Trinity Biotech (TRIB) makes AI data-center cooling push - Stock Titan / Planning liquid cooling for new AI data center builds in India - datacenterdynamics.com / KV Cache Compression Through the Lens of Transform Coding",19,13,10,10,10,8,5,75,already_in_pool,pending,bd61668fc67f5e6f; 1142bf76e9e59933; a75a670d2243d50e; e4809ee569374d02; b56aa5507262f906; 80cae1d1b535e111; 2a2fd8ddf7f5c7cd; 18260bb817c4b462; 598e81a5eb0e58b5; 02a21fbb4f470bbb; 6ddf2ca712a6a8c6; c97c847975bf08a8,2608.14191v1,9.47,0.852,2026-08-17T13:30:00+00:00,日内位置温和
2026-08-17,001309.SZ,德明利,A股,online_pool,AI data center power and cooling; AI inference serving and networking; HBM memory and context storage; Physical AI and robotics,上游,,"2026 FMS Shows Storage And Memory Market Continued Growth - Forbes / South Korea Chip Data: Memory Up 277%, Logic Down; AI Buys Bandwidth, Not Compute - Tech Times / Apple Tests CXMT DRAM for iPhones and MacBooks Amid AI-Driven Memory Shortage - KuCoin / KV Cache Compression Through the Lens of Transform Coding / SimpleOPD: Simple Tokenizer-Agnostic On-Policy Distillation for Long-Context Reasoning",20,13,15,10,10,4,2,74,already_in_pool,pending,ab6f8695ac59cd84; 3b613198df9e58f3; ec84e354fd491b00; 423ddda8dafe6cb2; d4c17a2067a6873c; e14d4100b9dadc7b; 02b8f3425b8d493a; 2a2fd8ddf7f5c7cd; 41f75797397c2220; 7d5c870de5e5f478; 75f34453b423d85e; a6798fa2f476014b,2608.14191v1; 2608.14277v1; 2608.13831v1; 2608.13426v1; 2608.13334v1; 2608.11742v1; 2608.12218v2; 2608.11587v1; 2608.12627v1; 2608.10296v1,435.4,7.1912,2026-08-17T01:30:00+00:00,日内较强，注意追高；原池状态提示过热/高估值
2026-08-17,002409.SZ,雅克科技,A股,online_pool,AI PCB and advanced packaging; AI data center power and cooling; AI inference serving and networking; CPO and optical interconnect,上游,,Securing the Infrastructure of Intelligence / Semiconductor and AI revolution: Powering the future - dqindia.com / 2026 FMS Shows Storage And Memory Market Continued Growth - Forbes / KV Cache Compression Through the Lens of Transform Coding / SimpleOPD: Simple Tokenizer-Agnostic On-Policy Distillation for Long-Context Reasoning,20,13,15,10,10,4,2,74,already_in_pool,pending,365ed4c2b4702223; 3a987fce52c372d3; ab6f8695ac59cd84; f6af3e2720eb7f99; f090f7460e2b9cbc; 3b613198df9e58f3; ec84e354fd491b00; b8649a1a9ee6e521; 423ddda8dafe6cb2; 49b64666f9770683; d4c17a2067a6873c; e14d4100b9dadc7b,2608.14191v1; 2608.14277v1; 2608.13831v1; 2608.13426v1; 2608.13334v1; 2608.11742v1; 2608.12218v2; 2608.11587v1; 2608.12627v1; 2608.10296v1,159.01,5.1514,2026-08-17T01:30:00+00:00,日内较强，注意追高；原池状态提示过热/高估值
2026-08-17,300604.SZ,长川科技,A股,online_pool,AI PCB and advanced packaging; AI data center power and cooling; AI inference serving and networking; CPO and optical interconnect,上游,,"Securing the Infrastructure of Intelligence / 2026 FMS Shows Storage And Memory Market Continued Growth - Forbes / AMAT, AVGO Expand AI Supply Chain Push With New Packaging Technology Partnership - Stocktwits / KV Cache Compression Through the Lens of Transform Coding / SimpleOPD: Simple Tokenizer-Agnostic On-Policy Distillation for Long-Context Reasoning",20,13,15,10,10,4,2,74,already_in_pool,pending,365ed4c2b4702223; ab6f8695ac59cd84; f6af3e2720eb7f99; f090f7460e2b9cbc; 3b613198df9e58f3; ec84e354fd491b00; 423ddda8dafe6cb2; 49b64666f9770683; d4c17a2067a6873c; e14d4100b9dadc7b; 02b8f3425b8d493a; 2a2fd8ddf7f5c7cd,2608.14191v1; 2608.14277v1; 2608.13831v1; 2608.13426v1; 2608.13334v1; 2608.11742v1; 2608.12218v2; 2608.11587v1; 2608.12627v1; 2608.10296v1,302.57,6.8963,2026-08-17T01:30:00+00:00,日内较强，注意追高；原池状态提示过热/高估值
2026-08-17,300870.SZ,欧陆通,A股,online_pool,AI PCB and advanced packaging; AI data center power and cooling; AI inference serving and networking; CPO and optical interconnect,中游,,"Securing the Infrastructure of Intelligence / CPO, the new frontrunner in AI infrastructure, kicks into high gear. Which related companies in the optical component s… / Trane Technologies, Eaton unveil power and cooling design for AI data centers (TT:NYSE) - Seeking Alpha / KV Cache Compression Through the Lens of Transform Coding",20,13,10,10,10,6,5,74,already_in_pool,pending,365ed4c2b4702223; a6bf522f27308172; bd61668fc67f5e6f; 1142bf76e9e59933; a75a670d2243d50e; e4809ee569374d02; b56aa5507262f906; f6af3e2720eb7f99; 5afcbe64a09c3138; 0a32c7f7ef347ae1; 25ec4cc67688384f; ec1071df20379d31,2608.14191v1,239.0,4.6822,2026-08-17T01:30:00+00:00,日内较强，注意追高
2026-08-17,688041.SS,海光信息,A股,online_pool,AI PCB and advanced packaging; AI data center power and cooling; AI inference serving and networking; CPO and optical interconnect,上游,,"CPO, the new frontrunner in AI infrastructure, kicks into high gear. Which related companies in the optical component s… / AI data center optical interconnect market to hit $144 billion by 2030, an over ten-fold increase from 2024 figures, ac… / Gravis Robotics raises $200M for autonomous construction - The Robot Report / KV Cache Compression Through the Lens of Transform Coding / FreeBalance: Pre-Routing Online Moe Load Balancing via Residual Workload Prediction",20,13,15,10,10,4,2,74,already_in_pool,pending,a6bf522f27308172; b47271334842b99d; da7a390b066c5160; ab6f8695ac59cd84; f6af3e2720eb7f99; c29f738ca5b1a15c; 3b613198df9e58f3; ec84e354fd491b00; 5afcbe64a09c3138; 0a32c7f7ef347ae1; 25ec4cc67688384f; ec1071df20379d31,2608.14191v1; 2608.14205v1; 2608.14277v1; 2608.14385v1; 2608.13911v1; 2608.14481v1; 2608.13901v1; 2608.13831v1; 2608.13426v1; 2608.13334v1; 2608.13524v1; 2608.13678v1,288.8,2.7795,2026-08-17T01:30:00+00:00,日内位置温和；原池状态提示过热/高估值
2026-08-17,688256.SS,寒武纪,A股,online_pool,AI data center power and cooling; AI inference serving and networking; CPO and optical interconnect; HBM memory and context storage,上游,,"CPO, the new frontrunner in AI infrastructure, kicks into high gear. Which related companies in the optical component s… / AI data center optical interconnect market to hit $144 billion by 2030, an over ten-fold increase from 2024 figures, ac… / Gravis Robotics raises $200M for autonomous construction - The Robot Report / KV Cache Compression Through the Lens of Transform Coding / FreeBalance: Pre-Routing Online Moe Load Balancing via Residual Workload Prediction",20,13,15,10,10,4,2,74,already_in_pool,pending,a6bf522f27308172; b47271334842b99d; da7a390b066c5160; ab6f8695ac59cd84; c29f738ca5b1a15c; 3b613198df9e58f3; ec84e354fd491b00; 5afcbe64a09c3138; 0a32c7f7ef347ae1; 25ec4cc67688384f; ec1071df20379d31; 71c8c921f71e2f31,2608.14191v1; 2608.14205v1; 2608.14277v1; 2608.14385v1; 2608.13911v1; 2608.14481v1; 2608.13901v1; 2608.13831v1; 2608.13426v1; 2608.13334v1; 2608.13524v1; 2608.13678v1,1156.0,5.764,2026-08-17T01:30:00+00:00,日内较强，注意追高；原池状态提示过热/高估值
2026-08-17,688300.SS,联瑞新材,A股,online_pool,AI PCB and advanced packaging; AI data center power and cooling; AI inference serving and networking; HBM memory and context storage,上游,,Securing the Infrastructure of Intelligence / Semiconductor and AI revolution: Powering the future - dqindia.com / 2026 FMS Shows Storage And Memory Market Continued Growth - Forbes / KV Cache Compression Through the Lens of Transform Coding / SimpleOPD: Simple Tokenizer-Agnostic On-Policy Distillation for Long-Context Reasoning,20,13,15,10,10,4,2,74,already_in_pool,pending,365ed4c2b4702223; 3a987fce52c372d3; ab6f8695ac59cd84; f6af3e2720eb7f99; f090f7460e2b9cbc; 3b613198df9e58f3; ec84e354fd491b00; b8649a1a9ee6e521; 423ddda8dafe6cb2; d4c17a2067a6873c; e14d4100b9dadc7b; 3d208508370ff065,2608.14191v1; 2608.14277v1; 2608.13831v1; 2608.13426v1; 2608.13334v1; 2608.11742v1; 2608.12218v2; 2608.11587v1; 2608.12627v1; 2608.10296v1,166.47,1.1054,2026-08-17T01:30:00+00:00,日内位置温和；原池状态提示过热/高估值
2026-08-17,688525.SS,佰维存储,A股,online_pool,AI data center power and cooling; AI inference serving and networking; HBM memory and context storage; Space defense and autonomous systems,上游,,"2026 FMS Shows Storage And Memory Market Continued Growth - Forbes / South Korea Chip Data: Memory Up 277%, Logic Down; AI Buys Bandwidth, Not Compute - Tech Times / Apple Tests CXMT DRAM for iPhones and MacBooks Amid AI-Driven Memory Shortage - KuCoin / KV Cache Compression Through the Lens of Transform Coding / SimpleOPD: Simple Tokenizer-Agnostic On-Policy Distillation for Long-Context Reasoning",20,13,15,10,10,4,2,74,already_in_pool,pending,ab6f8695ac59cd84; 3b613198df9e58f3; ec84e354fd491b00; 423ddda8dafe6cb2; d4c17a2067a6873c; e14d4100b9dadc7b; 02b8f3425b8d493a; 2a2fd8ddf7f5c7cd; 7d5c870de5e5f478; 75f34453b423d85e; b07c783b4128809d; fcd8a97b59aa3ab6,2608.14191v1; 2608.14277v1; 2608.13831v1; 2608.13426v1; 2608.13334v1; 2608.11742v1; 2608.12218v2; 2608.11587v1; 2608.12627v1; 2608.10296v1,256.78,6.1074,2026-08-17T01:30:00+00:00,日内较强，注意追高；原池状态提示过热/高估值
2026-08-17,002028.SZ,思源电气,A股,online_pool,AI PCB and advanced packaging; AI data center power and cooling; AI inference serving and networking; CPO and optical interconnect,中游,,"Securing the Infrastructure of Intelligence / CPO, the new frontrunner in AI infrastructure, kicks into high gear. Which related companies in the optical component s… / Trane Technologies, Eaton unveil power and cooling design for AI data centers (TT:NYSE) - Seeking Alpha / KV Cache Compression Through the Lens of Transform Coding",20,13,10,10,10,3,5,71,already_in_pool,pending,365ed4c2b4702223; a6bf522f27308172; bd61668fc67f5e6f; 1142bf76e9e59933; a75a670d2243d50e; e4809ee569374d02; b56aa5507262f906; 5afcbe64a09c3138; 0a32c7f7ef347ae1; 25ec4cc67688384f; ec1071df20379d31; 71c8c921f71e2f31,2608.14191v1,183.15,10.0,2026-08-17T01:30:00+00:00,日内过热，优先观察不追
2026-08-17,301018.SZ,申菱环境,A股,online_pool,AI data center power and cooling; AI inference serving and networking; CPO and optical interconnect; HBM memory and context storage,中游,,"CPO, the new frontrunner in AI infrastructure, kicks into high gear. Which related companies in the optical component s… / Trane Technologies, Eaton unveil power and cooling design for AI data centers (TT:NYSE) - Seeking Alpha / Trinity Biotech (TRIB) makes AI data-center cooling push - Stock Titan / KV Cache Compression Through the Lens of Transform Coding",20,13,10,10,10,3,5,71,already_in_pool,pending,a6bf522f27308172; bd61668fc67f5e6f; 1142bf76e9e59933; a75a670d2243d50e; e4809ee569374d02; b56aa5507262f906; 5afcbe64a09c3138; 0a32c7f7ef347ae1; 25ec4cc67688384f; ec1071df20379d31; 71c8c921f71e2f31; 9082a1eab58570f3,2608.14191v1,100.18,8.1857,2026-08-17T01:30:00+00:00,日内过热，优先观察不追
2026-08-17,AMD,Advanced Micro Devices,美股,not_in_pool,AI data center power and cooling; AI inference serving and networking; CPO and optical interconnect; HBM memory and context storage,中游,AMD,"2026 FMS Shows Storage And Memory Market Continued Growth - Forbes / South Korea Chip Data: Memory Up 277%, Logic Down; AI Buys Bandwidth, Not Compute - Tech Times / Apple Tests CXMT DRAM for iPhones and MacBooks Amid AI-Driven Memory Shortage - KuCoin / KV Cache Compression Through the Lens of Transform Coding / FreeBalance: Pre-Routing Online Moe Load Balancing via Residual Workload Prediction",20,8,15,10,10,5,3,71,observe,pending,ab6f8695ac59cd84; 3b613198df9e58f3; ec84e354fd491b00; 423ddda8dafe6cb2; 49b64666f9770683; 0e61c03f19e6328d; b3521dda5a5486d7; 12287f884ae40c81; d4c17a2067a6873c; e14d4100b9dadc7b; 02b8f3425b8d493a; 2a2fd8ddf7f5c7cd,2608.14191v1; 2608.14205v1; 2608.14277v1; 2608.14385v1; 2608.13911v1; 2608.13831v1; 2608.13426v1; 2608.13334v1; 2608.13524v1; 2608.13335v1; 2608.13505v1; 2608.11742v1,,,,不在当前股票池，需人工核实业务纯度；无线上行情，按中性处理
2026-08-17,NTAP,NetApp,美股,not_in_pool,AI data center power and cooling; AI inference serving and networking; HBM memory and context storage; Physical AI and robotics,中游,NTAP,"2026 FMS Shows Storage And Memory Market Continued Growth - Forbes / South Korea Chip Data: Memory Up 277%, Logic Down; AI Buys Bandwidth, Not Compute - Tech Times / Apple Tests CXMT DRAM for iPhones and MacBooks Amid AI-Driven Memory Shortage - KuCoin / KV Cache Compression Through the Lens of Transform Coding / SimpleOPD: Simple Tokenizer-Agnostic On-Policy Distillation for Long-Context Reasoning",20,8,15,10,10,5,3,71,observe,pending,ab6f8695ac59cd84; 3b613198df9e58f3; ec84e354fd491b00; 423ddda8dafe6cb2; d4c17a2067a6873c; e14d4100b9dadc7b; 02b8f3425b8d493a; 2a2fd8ddf7f5c7cd; 41f75797397c2220; 7d5c870de5e5f478; 75f34453b423d85e; a6798fa2f476014b,2608.14191v1; 2608.14277v1; 2608.13831v1; 2608.13426v1; 2608.13334v1; 2608.11742v1; 2608.12218v2; 2608.11587v1; 2608.12627v1; 2608.10296v1,,,,不在当前股票池，需人工核实业务纯度；无线上行情，按中性处理
2026-08-17,PSTG,Pure Storage,美股,not_in_pool,AI data center power and cooling; AI inference serving and networking; HBM memory and context storage; Physical AI and robotics,中游,PSTG,"2026 FMS Shows Storage And Memory Market Continued Growth - Forbes / South Korea Chip Data: Memory Up 277%, Logic Down; AI Buys Bandwidth, Not Compute - Tech Times / Apple Tests CXMT DRAM for iPhones and MacBooks Amid AI-Driven Memory Shortage - KuCoin / KV Cache Compression Through the Lens of Transform Coding / SimpleOPD: Simple Tokenizer-Agnostic On-Policy Distillation for Long-Context Reasoning",20,8,15,10,10,5,3,71,observe,pending,ab6f8695ac59cd84; 3b613198df9e58f3; ec84e354fd491b00; 423ddda8dafe6cb2; d4c17a2067a6873c; e14d4100b9dadc7b; 02b8f3425b8d493a; 2a2fd8ddf7f5c7cd; 41f75797397c2220; 7d5c870de5e5f478; 75f34453b423d85e; a6798fa2f476014b,2608.14191v1; 2608.14277v1; 2608.13831v1; 2608.13426v1; 2608.13334v1; 2608.11742v1; 2608.12218v2; 2608.11587v1; 2608.12627v1; 2608.10296v1,,,,不在当前股票池，需人工核实业务纯度；无线上行情，按中性处理
2026-08-17,688017.SS,绿的谐波,A股,online_pool,Physical AI and robotics; Space defense and autonomous systems,下游,,Gravis Robotics raises $200M for autonomous construction - The Robot Report / From Self-Driving Vehicles to Physical AI: The Inventions Behind Autonomous Systems - Foley & Lardner LLP / How world models could help AI navigate the physical world - The World Economic Forum / Ensuring Safe Physical AI in Urban Mobility via Hazard-Informed Synthesized Envelopes / Ontology-Grounded World Models for Failure Diagnosis and Closed-Loop Repair in Physical AI Systems,16,13,15,10,10,4,2,70,already_in_pool,pending,da7a390b066c5160; ec5638ba30062e29; 1d472b6b406d0606; c41efc4defb70428; a4bdc6f8d67b2d0c; 2390b9b038eaecb9; bfadda7aac772315; fa2fefd00950e130; c289296b2f1f4caf; b5d205f775ed4ad2; f283969ca102edd8; 66b2d2d9c10e61d0,2608.14481v1; 2608.13901v1; 2608.13678v1; 2608.13489v1; 2608.12854v1; 2608.13438v1; 2608.13103v1; 2608.13049v1,362.17,3.4978,2026-08-17T01:30:00+00:00,日内位置温和；原池状态提示过热/高估值
2026-08-17,300990.SZ,同飞股份,A股,online_pool,AI PCB and advanced packaging; AI data center power and cooling; AI inference serving and networking; CPO and optical interconnect,中游,,"Securing the Infrastructure of Intelligence / CPO, the new frontrunner in AI infrastructure, kicks into high gear. Which related companies in the optical component s… / Trane Technologies, Eaton unveil power and cooling design for AI data centers (TT:NYSE) - Seeking Alpha / KV Cache Compression Through the Lens of Transform Coding",20,13,10,10,10,4,2,69,already_in_pool,pending,365ed4c2b4702223; a6bf522f27308172; bd61668fc67f5e6f; 1142bf76e9e59933; a75a670d2243d50e; e4809ee569374d02; b56aa5507262f906; 5afcbe64a09c3138; 0a32c7f7ef347ae1; 25ec4cc67688384f; ec1071df20379d31; 71c8c921f71e2f31,2608.14191v1,78.2,4.2667,2026-08-17T01:30:00+00:00,日内较强，注意追高；原池状态提示过热/高估值
2026-08-17,300602.SZ,飞荣达,A股,online_pool,AI PCB and advanced packaging; AI data center power and cooling; AI inference serving and networking; CPO and optical interconnect,上游,,"Securing the Infrastructure of Intelligence / CPO, the new frontrunner in AI infrastructure, kicks into high gear. Which related companies in the optical component s… / Trane Technologies, Eaton unveil power and cooling design for AI data centers (TT:NYSE) - Seeking Alpha / KV Cache Compression Through the Lens of Transform Coding",20,13,10,10,10,3,2,68,already_in_pool,pending,365ed4c2b4702223; a6bf522f27308172; bd61668fc67f5e6f; 1142bf76e9e59933; a75a670d2243d50e; e4809ee569374d02; b56aa5507262f906; 5afcbe64a09c3138; 0a32c7f7ef347ae1; 25ec4cc67688384f; ec1071df20379d31; 71c8c921f71e2f31,2608.14191v1,41.9,8.2687,2026-08-17T01:30:00+00:00,日内过热，优先观察不追；原池状态提示过热/高估值
2026-08-17,ISRG,Intuitive Surgical,美股,not_in_pool,HBM memory and context storage; Physical AI and robotics; Rack-scale AI factory; Semiconductor materials and consumables,上游,ISRG,"Gravis Robotics raises $200M for autonomous construction - The Robot Report / LG and Nvidia Expand Partnership Across Robotics, AI Factories and Mobility - Yahoo Finance / LG and Nvidia partner on robotics and AI factory development - Investing.com / Ensuring Safe Physical AI in Urban Mobility via Hazard-Informed Synthesized Envelopes / Ontology-Grounded World Models for Failure Diagnosis and Closed-Loop Repair in Physical AI Systems",16,8,15,10,10,5,3,67,observe,pending,da7a390b066c5160; 5afcbe64a09c3138; 0a32c7f7ef347ae1; 25ec4cc67688384f; ec1071df20379d31; 71c8c921f71e2f31; 9082a1eab58570f3; b016c202870195e3; 7ae1f899668962e5; 63e4d3382839aa59; ec5638ba30062e29; 1d472b6b406d0606,2608.14481v1; 2608.13901v1; 2608.13678v1; 2608.13489v1; 2608.12854v1; 2608.13438v1; 2608.13103v1; 2608.13049v1,,,,不在当前股票池，需人工核实业务纯度；无线上行情，按中性处理
2026-08-17,ROK,Rockwell Automation,美股,not_in_pool,HBM memory and context storage; Physical AI and robotics; Rack-scale AI factory; Semiconductor materials and consumables,上游,ROK,"Gravis Robotics raises $200M for autonomous construction - The Robot Report / LG and Nvidia Expand Partnership Across Robotics, AI Factories and Mobility - Yahoo Finance / LG and Nvidia partner on robotics and AI factory development - Investing.com / Ensuring Safe Physical AI in Urban Mobility via Hazard-Informed Synthesized Envelopes / Ontology-Grounded World Models for Failure Diagnosis and Closed-Loop Repair in Physical AI Systems",16,8,15,10,10,5,3,67,observe,pending,da7a390b066c5160; 5afcbe64a09c3138; 0a32c7f7ef347ae1; 25ec4cc67688384f; ec1071df20379d31; 71c8c921f71e2f31; 9082a1eab58570f3; b016c202870195e3; 7ae1f899668962e5; 63e4d3382839aa59; ec5638ba30062e29; 1d472b6b406d0606,2608.14481v1; 2608.13901v1; 2608.13678v1; 2608.13489v1; 2608.12854v1; 2608.13438v1; 2608.13103v1; 2608.13049v1,,,,不在当前股票池，需人工核实业务纯度；无线上行情，按中性处理
2026-08-17,TER,Teradyne,美股,not_in_pool,HBM memory and context storage; Physical AI and robotics; Rack-scale AI factory; Semiconductor materials and consumables,上游,TER,"Gravis Robotics raises $200M for autonomous construction - The Robot Report / LG and Nvidia Expand Partnership Across Robotics, AI Factories and Mobility - Yahoo Finance / LG and Nvidia partner on robotics and AI factory development - Investing.com / Ensuring Safe Physical AI in Urban Mobility via Hazard-Informed Synthesized Envelopes / Ontology-Grounded World Models for Failure Diagnosis and Closed-Loop Repair in Physical AI Systems",16,8,15,10,10,5,3,67,observe,pending,da7a390b066c5160; 5afcbe64a09c3138; 0a32c7f7ef347ae1; 25ec4cc67688384f; ec1071df20379d31; 71c8c921f71e2f31; 9082a1eab58570f3; b016c202870195e3; 7ae1f899668962e5; 63e4d3382839aa59; ec5638ba30062e29; 1d472b6b406d0606,2608.14481v1; 2608.13901v1; 2608.13678v1; 2608.13489v1; 2608.12854v1; 2608.13438v1; 2608.13103v1; 2608.13049v1,,,,不在当前股票池，需人工核实业务纯度；无线上行情，按中性处理
2026-08-17,000938.SZ,紫光股份,A股,online_pool,AI PCB and advanced packaging; AI data center power and cooling; AI inference serving and networking; CPO and optical interconnect,中游,,"Securing the Infrastructure of Intelligence / CPO, the new frontrunner in AI infrastructure, kicks into high gear. Which related companies in the optical component s… / AI data center optical interconnect market to hit $144 billion by 2030, an over ten-fold increase from 2024 figures, ac…",20,13,0,10,10,8,5,66,already_in_pool,pending,365ed4c2b4702223; a6bf522f27308172; b47271334842b99d; a75a670d2243d50e; f6af3e2720eb7f99; c29f738ca5b1a15c; 5afcbe64a09c3138; 0a32c7f7ef347ae1; 25ec4cc67688384f; ec1071df20379d31; 71c8c921f71e2f31; 9082a1eab58570f3,,41.03,2.7034,2026-08-17T01:30:00+00:00,日内位置温和
2026-08-17,000977.SZ,浪潮信息,A股,online_pool,AI PCB and advanced packaging; AI data center power and cooling; AI inference serving and networking; CPO and optical interconnect,中游,,"Securing the Infrastructure of Intelligence / CPO, the new frontrunner in AI infrastructure, kicks into high gear. Which related companies in the optical component s… / Planning liquid cooling for new AI data center builds in India - datacenterdynamics.com",20,13,0,10,10,8,5,66,already_in_pool,pending,365ed4c2b4702223; a6bf522f27308172; a75a670d2243d50e; f6af3e2720eb7f99; 5afcbe64a09c3138; 0a32c7f7ef347ae1; 25ec4cc67688384f; ec1071df20379d31; 71c8c921f71e2f31; 9082a1eab58570f3; b016c202870195e3; 7ae1f899668962e5,,80.68,2.3858,2026-08-17T01:30:00+00:00,日内位置温和
2026-08-17,300476.SZ,胜宏科技,A股,online_pool,AI PCB and advanced packaging; AI data center power and cooling; AI inference serving and networking; CPO and optical interconnect,上游,,"Securing the Infrastructure of Intelligence / CPO, the new frontrunner in AI infrastructure, kicks into high gear. Which related companies in the optical component s… / Planning liquid cooling for new AI data center builds in India - datacenterdynamics.com",20,13,0,10,10,8,5,66,already_in_pool,pending,365ed4c2b4702223; a6bf522f27308172; a75a670d2243d50e; f6af3e2720eb7f99; 5afcbe64a09c3138; 0a32c7f7ef347ae1; 25ec4cc67688384f; ec1071df20379d31; 71c8c921f71e2f31; 9082a1eab58570f3; b016c202870195e3; 7ae1f899668962e5,,276.0,2.4765,2026-08-17T01:30:00+00:00,日内位置温和
2026-08-17,603228.SS,景旺电子,A股,online_pool,AI PCB and advanced packaging; AI data center power and cooling; AI inference serving and networking; CPO and optical interconnect,上游,,"Securing the Infrastructure of Intelligence / CPO, the new frontrunner in AI infrastructure, kicks into high gear. Which related companies in the optical component s… / Planning liquid cooling for new AI data center builds in India - datacenterdynamics.com",20,13,0,10,10,8,5,66,already_in_pool,pending,365ed4c2b4702223; a6bf522f27308172; a75a670d2243d50e; f6af3e2720eb7f99; 5afcbe64a09c3138; 0a32c7f7ef347ae1; 25ec4cc67688384f; ec1071df20379d31; 71c8c921f71e2f31; 9082a1eab58570f3; b016c202870195e3; 7ae1f899668962e5,,96.93,-1.1019,2026-08-17T01:30:00+00:00,日内位置温和
2026-08-17,DELL,Dell Technologies,美股,online_pool,AI PCB and advanced packaging; AI data center power and cooling; AI inference serving and networking; CPO and optical interconnect,中游,DELL,"Securing the Infrastructure of Intelligence / CPO, the new frontrunner in AI infrastructure, kicks into high gear. Which related companies in the optical component s… / Planning liquid cooling for new AI data center builds in India - datacenterdynamics.com",20,13,0,10,10,8,5,66,already_in_pool,pending,365ed4c2b4702223; a6bf522f27308172; a75a670d2243d50e; f6af3e2720eb7f99; 5afcbe64a09c3138; 0a32c7f7ef347ae1; 25ec4cc67688384f; ec1071df20379d31; 71c8c921f71e2f31; 9082a1eab58570f3; b016c202870195e3; 7ae1f899668962e5,,476.567,-2.9019,2026-08-17T13:30:00+00:00,日内位置温和
2026-08-17,002179.SZ,中航光电,A股,online_pool,HBM memory and context storage; Physical AI and robotics; Space defense and autonomous systems,下游,,From Self-Driving Vehicles to Physical AI: The Inventions Behind Autonomous Systems - Foley & Lardner LLP / SimpleOPD: Simple Tokenizer-Agnostic On-Policy Distillation for Long-Context Reasoning / Accelerate cyber defense with OpenAI and AWS: Daybreak Red & Daybreak Blue now available to eligible customers on Amazo… / SimpleOPD: Simple Tokenizer-Agnostic On-Policy Distillation for Long-Context Reasoning,19,13,9,8,3,8,5,65,already_in_pool,pending,ec5638ba30062e29; 02b8f3425b8d493a; 4101620f597fe785,2608.14277v1,35.82,-0.7206,2026-08-17T01:30:00+00:00,日内位置温和
2026-08-17,002389.SZ,航天彩虹,A股,online_pool,HBM memory and context storage; Physical AI and robotics; Space defense and autonomous systems,下游,,From Self-Driving Vehicles to Physical AI: The Inventions Behind Autonomous Systems - Foley & Lardner LLP / SimpleOPD: Simple Tokenizer-Agnostic On-Policy Distillation for Long-Context Reasoning / Accelerate cyber defense with OpenAI and AWS: Daybreak Red & Daybreak Blue now available to eligible customers on Amazo… / SimpleOPD: Simple Tokenizer-Agnostic On-Policy Distillation for Long-Context Reasoning,19,13,9,8,3,8,5,65,already_in_pool,pending,ec5638ba30062e29; 02b8f3425b8d493a; 4101620f597fe785,2608.14277v1,18.64,0.1074,2026-08-17T01:30:00+00:00,日内位置温和
2026-08-17,601138.SS,工业富联,A股,online_pool,AI PCB and advanced packaging; AI data center power and cooling; AI inference serving and networking; CPO and optical interconnect,中游,,"CPO, the new frontrunner in AI infrastructure, kicks into high gear. Which related companies in the optical component s… / Planning liquid cooling for new AI data center builds in India - datacenterdynamics.com / AMAT, AVGO Expand AI Supply Chain Push With New Packaging Technology Partnership - Stocktwits",19,13,0,10,10,8,5,65,already_in_pool,pending,a6bf522f27308172; a75a670d2243d50e; f6af3e2720eb7f99; 5afcbe64a09c3138; 0a32c7f7ef347ae1; 25ec4cc67688384f; ec1071df20379d31; 71c8c921f71e2f31; 9082a1eab58570f3; b016c202870195e3; 7ae1f899668962e5; 63e4d3382839aa59,,68.23,3.082,2026-08-17T01:30:00+00:00,日内位置温和
2026-08-17,688297.SS,中无人机,A股,online_pool,HBM memory and context storage; Physical AI and robotics; Space defense and autonomous systems,下游,,From Self-Driving Vehicles to Physical AI: The Inventions Behind Autonomous Systems - Foley & Lardner LLP / SimpleOPD: Simple Tokenizer-Agnostic On-Policy Distillation for Long-Context Reasoning / Accelerate cyber defense with OpenAI and AWS: Daybreak Red & Daybreak Blue now available to eligible customers on Amazo… / SimpleOPD: Simple Tokenizer-Agnostic On-Policy Distillation for Long-Context Reasoning,19,13,9,8,3,8,5,65,already_in_pool,pending,ec5638ba30062e29; 02b8f3425b8d493a; 4101620f597fe785,2608.14277v1,41.18,1.0056,2026-08-17T01:30:00+00:00,日内位置温和
2026-08-17,ASML,ASML Holding,美股,online_pool,AI PCB and advanced packaging; CPO and optical interconnect; Rack-scale AI factory; Semiconductor equipment and manufacturing,上游,ASML,"Securing the Infrastructure of Intelligence / AMAT, AVGO Expand AI Supply Chain Push With New Packaging Technology Partnership - Stocktwits / SK Hynix Scouts US Wafer Sites as Chipflation Threatens Device Prices Worldwide - Tech Times",19,13,0,10,10,8,5,65,already_in_pool,pending,365ed4c2b4702223; f6af3e2720eb7f99; f090f7460e2b9cbc; 49b64666f9770683; 50a29b08e50314cd; cc1ce18e59f33db4; a9279c6f2f1da67d; 1e981d2a740f6f62,,1870.46,1.4305,2026-08-17T13:30:00+00:00,日内位置温和
2026-08-17,AVAV,AeroVironment,美股,online_pool,HBM memory and context storage; Physical AI and robotics; Space defense and autonomous systems,下游,AVAV,From Self-Driving Vehicles to Physical AI: The Inventions Behind Autonomous Systems - Foley & Lardner LLP / SimpleOPD: Simple Tokenizer-Agnostic On-Policy Distillation for Long-Context Reasoning / Accelerate cyber defense with OpenAI and AWS: Daybreak Red & Daybreak Blue now available to eligible customers on Amazo… / SimpleOPD: Simple Tokenizer-Agnostic On-Policy Distillation for Long-Context Reasoning,19,13,9,8,3,8,5,65,already_in_pool,pending,ec5638ba30062e29; 02b8f3425b8d493a; 4101620f597fe785,2608.14277v1,189.5,-1.7167,2026-08-17T13:30:00+00:00,日内位置温和
2026-08-17,INTC,Intel,美股,online_pool,AI PCB and advanced packaging; AI inference serving and networking; CPO and optical interconnect; HBM memory and context storage,上游,INTC,"Securing the Infrastructure of Intelligence / Semiconductor and AI revolution: Powering the future - dqindia.com / AMAT, AVGO Expand AI Supply Chain Push With New Packaging Technology Partnership - Stocktwits",19,13,0,10,10,8,5,65,already_in_pool,pending,365ed4c2b4702223; 3a987fce52c372d3; f6af3e2720eb7f99; f090f7460e2b9cbc; b8649a1a9ee6e521; 49b64666f9770683; 12287f884ae40c81; 3d208508370ff065; 385434534174305a; 6de66a1704dc380f; 0b1a278b7166da01; 41f75797397c2220,,103.3401,0.8196,2026-08-17T13:30:00+00:00,日内位置温和
2026-08-17,LMT,Lockheed Martin,美股,online_pool,HBM memory and context storage; Physical AI and robotics; Space defense and autonomous systems,下游,LMT,From Self-Driving Vehicles to Physical AI: The Inventions Behind Autonomous Systems - Foley & Lardner LLP / SimpleOPD: Simple Tokenizer-Agnostic On-Policy Distillation for Long-Context Reasoning / Accelerate cyber defense with OpenAI and AWS: Daybreak Red & Daybreak Blue now available to eligible customers on Amazo… / SimpleOPD: Simple Tokenizer-Agnostic On-Policy Distillation for Long-Context Reasoning,19,13,9,8,3,8,5,65,already_in_pool,pending,ec5638ba30062e29; 02b8f3425b8d493a; 4101620f597fe785,2608.14277v1,605.87,-0.4617,2026-08-17T13:30:00+00:00,日内位置温和
2026-08-17,PL,Planet Labs PBC,美股,online_pool,HBM memory and context storage; Physical AI and robotics; Space defense and autonomous systems,下游,PL,From Self-Driving Vehicles to Physical AI: The Inventions Behind Autonomous Systems - Foley & Lardner LLP / SimpleOPD: Simple Tokenizer-Agnostic On-Policy Distillation for Long-Context Reasoning / Accelerate cyber defense with OpenAI and AWS: Daybreak Red & Daybreak Blue now available to eligible customers on Amazo… / SimpleOPD: Simple Tokenizer-Agnostic On-Policy Distillation for Long-Context Reasoning,19,13,9,8,3,8,5,65,already_in_pool,pending,ec5638ba30062e29; 02b8f3425b8d493a; 4101620f597fe785,2608.14277v1,25.065,1.5188,2026-08-17T13:30:00+00:00,日内位置温和
2026-08-17,RTX,RTX Corporation,美股,online_pool,HBM memory and context storage; Physical AI and robotics; Space defense and autonomous systems,下游,RTX,From Self-Driving Vehicles to Physical AI: The Inventions Behind Autonomous Systems - Foley & Lardner LLP / SimpleOPD: Simple Tokenizer-Agnostic On-Policy Distillation for Long-Context Reasoning / Accelerate cyber defense with OpenAI and AWS: Daybreak Red & Daybreak Blue now available to eligible customers on Amazo… / SimpleOPD: Simple Tokenizer-Agnostic On-Policy Distillation for Long-Context Reasoning,19,13,9,8,3,8,5,65,already_in_pool,pending,ec5638ba30062e29; 02b8f3425b8d493a; 4101620f597fe785,2608.14277v1,223.86,0.3992,2026-08-17T13:30:00+00:00,日内位置温和
2026-08-17,TSM,Taiwan Semiconductor Manufacturing,美股,online_pool,AI PCB and advanced packaging; CPO and optical interconnect; HBM memory and context storage; Physical AI and robotics,上游,TSM,"Securing the Infrastructure of Intelligence / Semiconductor and AI revolution: Powering the future - dqindia.com / AMAT, AVGO Expand AI Supply Chain Push With New Packaging Technology Partnership - Stocktwits",19,13,0,10,10,8,5,65,already_in_pool,pending,365ed4c2b4702223; 3a987fce52c372d3; f6af3e2720eb7f99; f090f7460e2b9cbc; b8649a1a9ee6e521; 49b64666f9770683; 3d208508370ff065; 385434534174305a; 6de66a1704dc380f; 0b1a278b7166da01; 41f75797397c2220; 50a29b08e50314cd,,428.6675,0.5436,2026-08-17T13:30:00+00:00,日内位置温和
2026-08-17,CAT,Caterpillar,美股,not_in_pool,AI data center power and cooling; HBM memory and context storage,中游,CAT,"Trane Technologies, Eaton unveil power and cooling design for AI data centers (TT:NYSE) - Seeking Alpha / Trinity Biotech (TRIB) makes AI data-center cooling push - Stock Titan / Planning liquid cooling for new AI data center builds in India - datacenterdynamics.com / KV Cache Compression Through the Lens of Transform Coding",19,8,10,10,10,5,3,65,observe,pending,bd61668fc67f5e6f; 1142bf76e9e59933; a75a670d2243d50e; e4809ee569374d02; b56aa5507262f906; 80cae1d1b535e111; 2a2fd8ddf7f5c7cd; 18260bb817c4b462; 598e81a5eb0e58b5; 02a21fbb4f470bbb; 6ddf2ca712a6a8c6; c97c847975bf08a8,2608.14191v1,,,,不在当前股票池，需人工核实业务纯度；无线上行情，按中性处理
2026-08-17,CEG,Constellation Energy,美股,not_in_pool,AI data center power and cooling; HBM memory and context storage,中游,CEG,"Trane Technologies, Eaton unveil power and cooling design for AI data centers (TT:NYSE) - Seeking Alpha / Trinity Biotech (TRIB) makes AI data-center cooling push - Stock Titan / Planning liquid cooling for new AI data center builds in India - datacenterdynamics.com / KV Cache Compression Through the Lens of Transform Coding",19,8,10,10,10,5,3,65,observe,pending,bd61668fc67f5e6f; 1142bf76e9e59933; a75a670d2243d50e; e4809ee569374d02; b56aa5507262f906; 80cae1d1b535e111; 2a2fd8ddf7f5c7cd; 18260bb817c4b462; 598e81a5eb0e58b5; 02a21fbb4f470bbb; 6ddf2ca712a6a8c6; c97c847975bf08a8,2608.14191v1,,,,不在当前股票池，需人工核实业务纯度；无线上行情，按中性处理
2026-08-17,NEE,NextEra Energy,美股,not_in_pool,AI data center power and cooling; HBM memory and context storage,中游,NEE,"Trane Technologies, Eaton unveil power and cooling design for AI data centers (TT:NYSE) - Seeking Alpha / Trinity Biotech (TRIB) makes AI data-center cooling push - Stock Titan / Planning liquid cooling for new AI data center builds in India - datacenterdynamics.com / KV Cache Compression Through the Lens of Transform Coding",19,8,10,10,10,5,3,65,observe,pending,bd61668fc67f5e6f; 1142bf76e9e59933; a75a670d2243d50e; e4809ee569374d02; b56aa5507262f906; 80cae1d1b535e111; 2a2fd8ddf7f5c7cd; 18260bb817c4b462; 598e81a5eb0e58b5; 02a21fbb4f470bbb; 6ddf2ca712a6a8c6; c97c847975bf08a8,2608.14191v1,,,,不在当前股票池，需人工核实业务纯度；无线上行情，按中性处理
2026-08-17,688676.SS,金盘科技,A股,online_pool,AI data center power and cooling; AI inference serving and networking; Physical AI and robotics; Rack-scale AI factory,中游,,"Trane Technologies, Eaton unveil power and cooling design for AI data centers (TT:NYSE) - Seeking Alpha / Trinity Biotech (TRIB) makes AI data-center cooling push - Stock Titan / Planning liquid cooling for new AI data center builds in India - datacenterdynamics.com",20,13,0,10,10,6,5,64,already_in_pool,pending,bd61668fc67f5e6f; 1142bf76e9e59933; a75a670d2243d50e; e4809ee569374d02; b56aa5507262f906; 5afcbe64a09c3138; 0a32c7f7ef347ae1; 25ec4cc67688384f; ec1071df20379d31; 71c8c921f71e2f31; 9082a1eab58570f3; b016c202870195e3,,73.78,5.0698,2026-08-17T01:30:00+00:00,日内较强，注意追高
2026-08-17,300054.SZ,鼎龙股份,A股,online_pool,AI PCB and advanced packaging; CPO and optical interconnect; HBM memory and context storage; Physical AI and robotics,上游,,"Securing the Infrastructure of Intelligence / Semiconductor and AI revolution: Powering the future - dqindia.com / AMAT, AVGO Expand AI Supply Chain Push With New Packaging Technology Partnership - Stocktwits",19,13,0,10,10,6,5,63,already_in_pool,pending,365ed4c2b4702223; 3a987fce52c372d3; f6af3e2720eb7f99; f090f7460e2b9cbc; b8649a1a9ee6e521; 49b64666f9770683; 3d208508370ff065; 385434534174305a; 6de66a1704dc380f; 0b1a278b7166da01; 41f75797397c2220; 50a29b08e50314cd,,81.3,6.777,2026-08-17T01:30:00+00:00,日内较强，注意追高
2026-08-17,300236.SZ,上海新阳,A股,online_pool,AI PCB and advanced packaging; CPO and optical interconnect; HBM memory and context storage; Physical AI and robotics,上游,,"Securing the Infrastructure of Intelligence / Semiconductor and AI revolution: Powering the future - dqindia.com / AMAT, AVGO Expand AI Supply Chain Push With New Packaging Technology Partnership - Stocktwits",19,13,0,10,10,6,5,63,already_in_pool,pending,365ed4c2b4702223; 3a987fce52c372d3; f6af3e2720eb7f99; f090f7460e2b9cbc; b8649a1a9ee6e521; 49b64666f9770683; 3d208508370ff065; 385434534174305a; 6de66a1704dc380f; 0b1a278b7166da01; 41f75797397c2220; 50a29b08e50314cd,,101.46,7.9936,2026-08-17T01:30:00+00:00,日内较强，注意追高
2026-08-17,920808.BJ,曙光数创,A股,online_pool,AI data center power and cooling; AI inference serving and networking; Physical AI and robotics; Rack-scale AI factory,中游,,"Trane Technologies, Eaton unveil power and cooling design for AI data centers (TT:NYSE) - Seeking Alpha / Trinity Biotech (TRIB) makes AI data-center cooling push - Stock Titan / Planning liquid cooling for new AI data center builds in India - datacenterdynamics.com",20,13,0,10,10,5,5,63,already_in_pool,pending,bd61668fc67f5e6f; 1142bf76e9e59933; a75a670d2243d50e; e4809ee569374d02; b56aa5507262f906; 5afcbe64a09c3138; 0a32c7f7ef347ae1; 25ec4cc67688384f; ec1071df20379d31; 71c8c921f71e2f31; 9082a1eab58570f3; b016c202870195e3,,,,,无线上行情，按中性处理
2026-08-17,AMKR,Amkor Technology,美股,online_pool,AI PCB and advanced packaging; CPO and optical interconnect; Rack-scale AI factory; Semiconductor equipment and manufacturing,上游,AMKR,"Securing the Infrastructure of Intelligence / AMAT, AVGO Expand AI Supply Chain Push With New Packaging Technology Partnership - Stocktwits / SK Hynix Scouts US Wafer Sites as Chipflation Threatens Device Prices Worldwide - Tech Times",19,13,0,10,10,6,5,63,already_in_pool,pending,365ed4c2b4702223; f6af3e2720eb7f99; f090f7460e2b9cbc; 49b64666f9770683; 50a29b08e50314cd; cc1ce18e59f33db4; a9279c6f2f1da67d; 1e981d2a740f6f62,,61.6001,4.4246,2026-08-17T13:30:00+00:00,日内较强，注意追高
2026-08-17,ASTS,AST SpaceMobile,美股,online_pool,HBM memory and context storage; Physical AI and robotics; Space defense and autonomous systems,下游,ASTS,From Self-Driving Vehicles to Physical AI: The Inventions Behind Autonomous Systems - Foley & Lardner LLP / SimpleOPD: Simple Tokenizer-Agnostic On-Policy Distillation for Long-Context Reasoning / Accelerate cyber defense with OpenAI and AWS: Daybreak Red & Daybreak Blue now available to eligible customers on Amazo… / SimpleOPD: Simple Tokenizer-Agnostic On-Policy Distillation for Long-Context Reasoning,19,13,9,8,3,6,5,63,already_in_pool,pending,ec5638ba30062e29; 02b8f3425b8d493a; 4101620f597fe785,2608.14277v1,74.1805,4.509,2026-08-17T13:30:00+00:00,日内较强，注意追高
2026-08-17,RKLB,Rocket Lab USA,美股,online_pool,HBM memory and context storage; Physical AI and robotics; Space defense and autonomous systems,下游,RKLB,From Self-Driving Vehicles to Physical AI: The Inventions Behind Autonomous Systems - Foley & Lardner LLP / SimpleOPD: Simple Tokenizer-Agnostic On-Policy Distillation for Long-Context Reasoning / Accelerate cyber defense with OpenAI and AWS: Daybreak Red & Daybreak Blue now available to eligible customers on Amazo… / SimpleOPD: Simple Tokenizer-Agnostic On-Policy Distillation for Long-Context Reasoning,19,13,9,8,3,6,5,63,already_in_pool,pending,ec5638ba30062e29; 02b8f3425b8d493a; 4101620f597fe785,2608.14277v1,85.17,6.1308,2026-08-17T13:30:00+00:00,日内较强，注意追高
2026-08-17,000988.SZ,华工科技,A股,online_pool,CPO and optical interconnect; Rack-scale AI factory,上游,,"CPO, the new frontrunner in AI infrastructure, kicks into high gear. Which related companies in the optical component s… / AI data center optical interconnect market to hit $144 billion by 2030, an over ten-fold increase from 2024 figures, ac… / Nvidia Is Looking to Own Another Layer of the AI Ecosystem - 24/7 Wall St.",16,13,0,10,10,8,5,62,already_in_pool,pending,a6bf522f27308172; b47271334842b99d; c29f738ca5b1a15c; 1cf102554cc9a24e; 49b64666f9770683; 2a48d741a05b1832; e5108bbb6f87e5da; fd325582770a4baa; 50a29b08e50314cd; 88e0381f47fc05ef; 39dbe85c37ba7705; 1151cdef78236b5e,,113.66,3.5249,2026-08-17T01:30:00+00:00,日内位置温和
2026-08-17,688012.SS,中微公司,A股,online_pool,AI PCB and advanced packaging; CPO and optical interconnect; Semiconductor equipment and manufacturing; Semiconductor materials and consumables,上游,,"AMAT, AVGO Expand AI Supply Chain Push With New Packaging Technology Partnership - Stocktwits / SK Hynix Scouts US Wafer Sites as Chipflation Threatens Device Prices Worldwide - Tech Times / Sivers Semiconductors and SemiNex target AI data centers with $3.4M InP program - eeNews Europe",16,13,0,10,10,8,5,62,already_in_pool,pending,f6af3e2720eb7f99; f090f7460e2b9cbc; 49b64666f9770683; 50a29b08e50314cd; cc1ce18e59f33db4; a9279c6f2f1da67d; 1e981d2a740f6f62,,387.82,3.4601,2026-08-17T01:30:00+00:00,日内位置温和
2026-08-17,688106.SS,金宏气体,A股,online_pool,CPO and optical interconnect; HBM memory and context storage; Physical AI and robotics; Semiconductor equipment and manufacturing,上游,,Semiconductor and AI revolution: Powering the future - dqindia.com / SK Hynix Scouts US Wafer Sites as Chipflation Threatens Device Prices Worldwide - Tech Times / Ceramic Crucible Covers Market to Reach 135 Index by 2035 on Semiconductor Fab Expansion - IndexBox,16,13,0,10,10,8,5,62,already_in_pool,pending,3a987fce52c372d3; f090f7460e2b9cbc; b8649a1a9ee6e521; 49b64666f9770683; 3d208508370ff065; 385434534174305a; 6de66a1704dc380f; 0b1a278b7166da01; 41f75797397c2220; 50a29b08e50314cd; 8441ecf07c8eab35; 5751a31a33fdc51b,,30.72,3.504,2026-08-17T01:30:00+00:00,日内位置温和
2026-08-17,CIEN,Ciena,美股,online_pool,CPO and optical interconnect; Rack-scale AI factory,上游,CIEN,"CPO, the new frontrunner in AI infrastructure, kicks into high gear. Which related companies in the optical component s… / AI data center optical interconnect market to hit $144 billion by 2030, an over ten-fold increase from 2024 figures, ac… / Nvidia Is Looking to Own Another Layer of the AI Ecosystem - 24/7 Wall St.",16,13,0,10,10,8,5,62,already_in_pool,pending,a6bf522f27308172; b47271334842b99d; c29f738ca5b1a15c; 1cf102554cc9a24e; 49b64666f9770683; 2a48d741a05b1832; e5108bbb6f87e5da; fd325582770a4baa; 50a29b08e50314cd; 88e0381f47fc05ef; 39dbe85c37ba7705; 1151cdef78236b5e,,438.68,2.3113,2026-08-17T13:30:00+00:00,日内位置温和
2026-08-17,ENTG,Entegris,美股,online_pool,AI PCB and advanced packaging; CPO and optical interconnect; HBM memory and context storage; Physical AI and robotics,上游,ENTG,"Semiconductor and AI revolution: Powering the future - dqindia.com / AMAT, AVGO Expand AI Supply Chain Push With New Packaging Technology Partnership - Stocktwits / SK Hynix Scouts US Wafer Sites as Chipflation Threatens Device Prices Worldwide - Tech Times",16,13,0,10,10,8,5,62,already_in_pool,pending,3a987fce52c372d3; f6af3e2720eb7f99; f090f7460e2b9cbc; b8649a1a9ee6e521; 49b64666f9770683; 3d208508370ff065; 385434534174305a; 6de66a1704dc380f; 0b1a278b7166da01; 41f75797397c2220; 50a29b08e50314cd; 8441ecf07c8eab35,,164.83,1.8979,2026-08-17T13:30:00+00:00,日内位置温和
2026-08-17,FN,Fabrinet,美股,online_pool,CPO and optical interconnect; Rack-scale AI factory,上游,FN,"CPO, the new frontrunner in AI infrastructure, kicks into high gear. Which related companies in the optical component s… / AI data center optical interconnect market to hit $144 billion by 2030, an over ten-fold increase from 2024 figures, ac… / Nvidia Is Looking to Own Another Layer of the AI Ecosystem - 24/7 Wall St.",16,13,0,10,10,8,5,62,already_in_pool,pending,a6bf522f27308172; b47271334842b99d; c29f738ca5b1a15c; 1cf102554cc9a24e; 49b64666f9770683; 2a48d741a05b1832; e5108bbb6f87e5da; fd325582770a4baa; 50a29b08e50314cd; 88e0381f47fc05ef; 39dbe85c37ba7705; 1151cdef78236b5e,,582.47,2.1483,2026-08-17T13:30:00+00:00,日内位置温和
2026-08-17,GLW,Corning,美股,online_pool,CPO and optical interconnect; Rack-scale AI factory,上游,GLW,"CPO, the new frontrunner in AI infrastructure, kicks into high gear. Which related companies in the optical component s… / AI data center optical interconnect market to hit $144 billion by 2030, an over ten-fold increase from 2024 figures, ac… / Nvidia Is Looking to Own Another Layer of the AI Ecosystem - 24/7 Wall St.",16,13,0,10,10,8,5,62,already_in_pool,pending,a6bf522f27308172; b47271334842b99d; c29f738ca5b1a15c; 1cf102554cc9a24e; 49b64666f9770683; 2a48d741a05b1832; e5108bbb6f87e5da; fd325582770a4baa; 50a29b08e50314cd; 88e0381f47fc05ef; 39dbe85c37ba7705; 1151cdef78236b5e,,169.41,2.0604,2026-08-17T13:30:00+00:00,日内位置温和
2026-08-17,LITE,Lumentum Holdings,美股,online_pool,CPO and optical interconnect; Rack-scale AI factory,上游,LITE,"CPO, the new frontrunner in AI infrastructure, kicks into high gear. Which related companies in the optical component s… / AI data center optical interconnect market to hit $144 billion by 2030, an over ten-fold increase from 2024 figures, ac… / Nvidia Is Looking to Own Another Layer of the AI Ecosystem - 24/7 Wall St.",16,13,0,10,10,8,5,62,already_in_pool,pending,a6bf522f27308172; b47271334842b99d; c29f738ca5b1a15c; 1cf102554cc9a24e; 49b64666f9770683; 2a48d741a05b1832; e5108bbb6f87e5da; fd325582770a4baa; 50a29b08e50314cd; 88e0381f47fc05ef; 39dbe85c37ba7705; 1151cdef78236b5e,,951.23,2.7091,2026-08-17T13:30:00+00:00,日内位置温和
2026-08-17,LRCX,Lam Research,美股,online_pool,AI PCB and advanced packaging; CPO and optical interconnect; HBM memory and context storage; Physical AI and robotics,上游,LRCX,"Semiconductor and AI revolution: Powering the future - dqindia.com / AMAT, AVGO Expand AI Supply Chain Push With New Packaging Technology Partnership - Stocktwits / SK Hynix Scouts US Wafer Sites as Chipflation Threatens Device Prices Worldwide - Tech Times",16,13,0,10,10,8,5,62,already_in_pool,pending,3a987fce52c372d3; f6af3e2720eb7f99; f090f7460e2b9cbc; b8649a1a9ee6e521; 49b64666f9770683; 3d208508370ff065; 385434534174305a; 6de66a1704dc380f; 0b1a278b7166da01; 41f75797397c2220; 50a29b08e50314cd; 8441ecf07c8eab35,,339.22,2.064,2026-08-17T13:30:00+00:00,日内位置温和
2026-08-17,Q,Qnity Electronics,美股,online_pool,AI PCB and advanced packaging; CPO and optical interconnect; HBM memory and context storage; Physical AI and robotics,上游,Q,"Semiconductor and AI revolution: Powering the future - dqindia.com / AMAT, AVGO Expand AI Supply Chain Push With New Packaging Technology Partnership - Stocktwits / SK Hynix Scouts US Wafer Sites as Chipflation Threatens Device Prices Worldwide - Tech Times",16,13,0,10,10,8,5,62,already_in_pool,pending,3a987fce52c372d3; f6af3e2720eb7f99; f090f7460e2b9cbc; b8649a1a9ee6e521; 49b64666f9770683; 3d208508370ff065; 385434534174305a; 6de66a1704dc380f; 0b1a278b7166da01; 41f75797397c2220; 50a29b08e50314cd; 8441ecf07c8eab35,,142.83,0.3725,2026-08-17T13:30:00+00:00,日内位置温和
2026-08-17,002281.SZ,光迅科技,A股,online_pool,CPO and optical interconnect; Rack-scale AI factory,上游,,"CPO, the new frontrunner in AI infrastructure, kicks into high gear. Which related companies in the optical component s… / AI data center optical interconnect market to hit $144 billion by 2030, an over ten-fold increase from 2024 figures, ac… / Nvidia Is Looking to Own Another Layer of the AI Ecosystem - 24/7 Wall St.",16,13,0,10,10,6,5,60,already_in_pool,pending,a6bf522f27308172; b47271334842b99d; c29f738ca5b1a15c; 1cf102554cc9a24e; 49b64666f9770683; 2a48d741a05b1832; e5108bbb6f87e5da; fd325582770a4baa; 50a29b08e50314cd; 88e0381f47fc05ef; 39dbe85c37ba7705; 1151cdef78236b5e,,199.75,4.2972,2026-08-17T01:30:00+00:00,日内较强，注意追高
2026-08-17,300308.SZ,中际旭创,A股,online_pool,CPO and optical interconnect; Rack-scale AI factory,上游,,"CPO, the new frontrunner in AI infrastructure, kicks into high gear. Which related companies in the optical component s… / AI data center optical interconnect market to hit $144 billion by 2030, an over ten-fold increase from 2024 figures, ac… / Nvidia Is Looking to Own Another Layer of the AI Ecosystem - 24/7 Wall St.",16,13,0,10,10,6,5,60,already_in_pool,pending,a6bf522f27308172; b47271334842b99d; c29f738ca5b1a15c; 1cf102554cc9a24e; 49b64666f9770683; 2a48d741a05b1832; e5108bbb6f87e5da; fd325582770a4baa; 50a29b08e50314cd; 88e0381f47fc05ef; 39dbe85c37ba7705; 1151cdef78236b5e,,1001.03,6.1538,2026-08-17T01:30:00+00:00,日内较强，注意追高
2026-08-17,300394.SZ,天孚通信,A股,online_pool,CPO and optical interconnect; Rack-scale AI factory,上游,,"CPO, the new frontrunner in AI infrastructure, kicks into high gear. Which related companies in the optical component s… / AI data center optical interconnect market to hit $144 billion by 2030, an over ten-fold increase from 2024 figures, ac… / Nvidia Is Looking to Own Another Layer of the AI Ecosystem - 24/7 Wall St.",16,13,0,10,10,6,5,60,already_in_pool,pending,a6bf522f27308172; b47271334842b99d; c29f738ca5b1a15c; 1cf102554cc9a24e; 49b64666f9770683; 2a48d741a05b1832; e5108bbb6f87e5da; fd325582770a4baa; 50a29b08e50314cd; 88e0381f47fc05ef; 39dbe85c37ba7705; 1151cdef78236b5e,,286.56,7.0412,2026-08-17T01:30:00+00:00,日内较强，注意追高
2026-08-17,300502.SZ,新易盛,A股,online_pool,CPO and optical interconnect; Rack-scale AI factory,上游,,"CPO, the new frontrunner in AI infrastructure, kicks into high gear. Which related companies in the optical component s… / AI data center optical interconnect market to hit $144 billion by 2030, an over ten-fold increase from 2024 figures, ac… / Nvidia Is Looking to Own Another Layer of the AI Ecosystem - 24/7 Wall St.",16,13,0,10,10,6,5,60,already_in_pool,pending,a6bf522f27308172; b47271334842b99d; c29f738ca5b1a15c; 1cf102554cc9a24e; 49b64666f9770683; 2a48d741a05b1832; e5108bbb6f87e5da; fd325582770a4baa; 50a29b08e50314cd; 88e0381f47fc05ef; 39dbe85c37ba7705; 1151cdef78236b5e,,466.68,4.151,2026-08-17T01:30:00+00:00,日内较强，注意追高
2026-08-17,AMAT,Applied Materials,美股,online_pool,AI PCB and advanced packaging; CPO and optical interconnect; HBM memory and context storage; Physical AI and robotics,上游,AMAT,"Semiconductor and AI revolution: Powering the future - dqindia.com / AMAT, AVGO Expand AI Supply Chain Push With New Packaging Technology Partnership - Stocktwits / SK Hynix Scouts US Wafer Sites as Chipflation Threatens Device Prices Worldwide - Tech Times",16,13,0,10,10,6,5,60,already_in_pool,pending,3a987fce52c372d3; f6af3e2720eb7f99; f090f7460e2b9cbc; b8649a1a9ee6e521; 49b64666f9770683; 3d208508370ff065; 385434534174305a; 6de66a1704dc380f; 0b1a278b7166da01; 41f75797397c2220; 50a29b08e50314cd; 8441ecf07c8eab35,,532.44,4.9805,2026-08-17T13:30:00+00:00,日内较强，注意追高
2026-08-17,COHR,Coherent,美股,online_pool,CPO and optical interconnect; Rack-scale AI factory,上游,COHR,"CPO, the new frontrunner in AI infrastructure, kicks into high gear. Which related companies in the optical component s… / AI data center optical interconnect market to hit $144 billion by 2030, an over ten-fold increase from 2024 figures, ac… / Nvidia Is Looking to Own Another Layer of the AI Ecosystem - 24/7 Wall St.",16,13,0,10,10,6,5,60,already_in_pool,pending,a6bf522f27308172; b47271334842b99d; c29f738ca5b1a15c; 1cf102554cc9a24e; 49b64666f9770683; 2a48d741a05b1832; e5108bbb6f87e5da; fd325582770a4baa; 50a29b08e50314cd; 88e0381f47fc05ef; 39dbe85c37ba7705; 1151cdef78236b5e,,345.15,5.9295,2026-08-17T13:30:00+00:00,日内较强，注意追高
2026-08-17,002916.SZ,深南电路,A股,online_pool,AI PCB and advanced packaging; AI data center power and cooling; AI inference serving and networking; CPO and optical interconnect,上游,,"Securing the Infrastructure of Intelligence / CPO, the new frontrunner in AI infrastructure, kicks into high gear. Which related companies in the optical component s… / Semiconductor and AI revolution: Powering the future - dqindia.com",20,13,0,10,10,4,2,59,already_in_pool,pending,365ed4c2b4702223; a6bf522f27308172; 3a987fce52c372d3; a75a670d2243d50e; f6af3e2720eb7f99; f090f7460e2b9cbc; b8649a1a9ee6e521; 5afcbe64a09c3138; 0a32c7f7ef347ae1; 25ec4cc67688384f; ec1071df20379d31; 71c8c921f71e2f31,,392.9,3.9418,2026-08-17T01:30:00+00:00,日内位置温和；原池状态提示过热/高估值
2026-08-17,600183.SS,生益科技,A股,online_pool,AI PCB and advanced packaging; AI data center power and cooling; AI inference serving and networking; CPO and optical interconnect,上游,,"Securing the Infrastructure of Intelligence / CPO, the new frontrunner in AI infrastructure, kicks into high gear. Which related companies in the optical component s… / Planning liquid cooling for new AI data center builds in India - datacenterdynamics.com",20,13,0,10,10,4,2,59,already_in_pool,pending,365ed4c2b4702223; a6bf522f27308172; a75a670d2243d50e; f6af3e2720eb7f99; 5afcbe64a09c3138; 0a32c7f7ef347ae1; 25ec4cc67688384f; ec1071df20379d31; 71c8c921f71e2f31; 9082a1eab58570f3; b016c202870195e3; 7ae1f899668962e5,,144.49,0.8938,2026-08-17T01:30:00+00:00,日内位置温和；原池状态提示过热/高估值
2026-08-17,002371.SZ,北方华创,A股,online_pool,AI PCB and advanced packaging; CPO and optical interconnect; Rack-scale AI factory; Semiconductor equipment and manufacturing,上游,,"Securing the Infrastructure of Intelligence / AMAT, AVGO Expand AI Supply Chain Push With New Packaging Technology Partnership - Stocktwits / SK Hynix Scouts US Wafer Sites as Chipflation Threatens Device Prices Worldwide - Tech Times",19,13,0,10,10,4,2,58,already_in_pool,pending,365ed4c2b4702223; f6af3e2720eb7f99; f090f7460e2b9cbc; 49b64666f9770683; 50a29b08e50314cd; cc1ce18e59f33db4; a9279c6f2f1da67d; 1e981d2a740f6f62,,765.97,3.6972,2026-08-17T01:30:00+00:00,日内位置温和；原池状态提示过热/高估值
2026-08-17,300346.SZ,南大光电,A股,online_pool,AI PCB and advanced packaging; CPO and optical interconnect; HBM memory and context storage; Physical AI and robotics,上游,,"Securing the Infrastructure of Intelligence / Semiconductor and AI revolution: Powering the future - dqindia.com / AMAT, AVGO Expand AI Supply Chain Push With New Packaging Technology Partnership - Stocktwits",19,13,0,10,10,4,2,58,already_in_pool,pending,365ed4c2b4702223; 3a987fce52c372d3; f6af3e2720eb7f99; f090f7460e2b9cbc; b8649a1a9ee6e521; 49b64666f9770683; 3d208508370ff065; 385434534174305a; 6de66a1704dc380f; 0b1a278b7166da01; 41f75797397c2220; 50a29b08e50314cd,,61.2,4.2412,2026-08-17T01:30:00+00:00,日内较强，注意追高；原池状态提示过热/高估值
2026-08-17,300666.SZ,江丰电子,A股,online_pool,AI PCB and advanced packaging; CPO and optical interconnect; HBM memory and context storage; Physical AI and robotics,上游,,"Securing the Infrastructure of Intelligence / Semiconductor and AI revolution: Powering the future - dqindia.com / AMAT, AVGO Expand AI Supply Chain Push With New Packaging Technology Partnership - Stocktwits",19,13,0,10,10,4,2,58,already_in_pool,pending,365ed4c2b4702223; 3a987fce52c372d3; f6af3e2720eb7f99; f090f7460e2b9cbc; b8649a1a9ee6e521; 49b64666f9770683; 3d208508370ff065; 385434534174305a; 6de66a1704dc380f; 0b1a278b7166da01; 41f75797397c2220; 50a29b08e50314cd,,269.82,5.4396,2026-08-17T01:30:00+00:00,日内较强，注意追高；原池状态提示过热/高估值
2026-08-17,NOW,ServiceNow,美股,online_pool,HBM memory and context storage; Space defense and autonomous systems,下游,NOW,Why Is Samsung Electronics (KOSE:A005930) Resetting Its Memory IP Ties Now? - simplywall.st / Accelerate cyber defense with OpenAI and AWS: Daybreak Red & Daybreak Blue now available to eligible customers on Amazo…,19,13,0,8,3,8,5,56,already_in_pool,pending,fcd8a97b59aa3ab6; 4101620f597fe785,,120.705,-2.6573,2026-08-17T13:30:00+00:00,日内位置温和
2026-08-17,HPE,Hewlett Packard Enterprise,美股,not_in_pool,AI PCB and advanced packaging; AI inference serving and networking; CPO and optical interconnect; HBM memory and context storage,上游,HPE,"Securing the Infrastructure of Intelligence / CPO, the new frontrunner in AI infrastructure, kicks into high gear. Which related companies in the optical component s… / LG and Nvidia Expand Partnership Across Robotics, AI Factories and Mobility - Yahoo Finance",20,8,0,10,10,5,3,56,reject,pending,365ed4c2b4702223; a6bf522f27308172; 5afcbe64a09c3138; 0a32c7f7ef347ae1; 25ec4cc67688384f; ec1071df20379d31; 71c8c921f71e2f31; 9082a1eab58570f3; b016c202870195e3; 7ae1f899668962e5; 63e4d3382839aa59; 1cf102554cc9a24e,,,,,不在当前股票池，需人工核实业务纯度；无线上行情，按中性处理
2026-08-17,SMCI,Super Micro Computer,美股,not_in_pool,AI PCB and advanced packaging; AI data center power and cooling; AI inference serving and networking; CPO and optical interconnect,上游,SMCI,"Securing the Infrastructure of Intelligence / CPO, the new frontrunner in AI infrastructure, kicks into high gear. Which related companies in the optical component s… / Planning liquid cooling for new AI data center builds in India - datacenterdynamics.com",20,8,0,10,10,5,3,56,reject,pending,365ed4c2b4702223; a6bf522f27308172; a75a670d2243d50e; 5afcbe64a09c3138; 0a32c7f7ef347ae1; 25ec4cc67688384f; ec1071df20379d31; 71c8c921f71e2f31; 9082a1eab58570f3; b016c202870195e3; 7ae1f899668962e5; 63e4d3382839aa59,,,,,不在当前股票池，需人工核实业务纯度；无线上行情，按中性处理
2026-08-17,688072.SS,拓荆科技,A股,online_pool,AI PCB and advanced packaging; CPO and optical interconnect; Semiconductor equipment and manufacturing; Semiconductor materials and consumables,上游,,SK Hynix Scouts US Wafer Sites as Chipflation Threatens Device Prices Worldwide - Tech Times / Sivers Semiconductors and SemiNex target AI data centers with $3.4M InP program - eeNews Europe / Sivers Semiconductors Announces $3.4M Program With SemiNex for Next-Generation InP Light Sources Used to Power AI Data…,16,13,0,10,10,4,2,55,already_in_pool,pending,f090f7460e2b9cbc; 49b64666f9770683; 50a29b08e50314cd; cc1ce18e59f33db4; a9279c6f2f1da67d; 1e981d2a740f6f62,,719.01,4.4769,2026-08-17T01:30:00+00:00,日内较强，注意追高；原池状态提示过热/高估值
2026-08-17,688120.SS,华海清科,A股,online_pool,AI PCB and advanced packaging; CPO and optical interconnect; HBM memory and context storage; Physical AI and robotics,上游,,"Semiconductor and AI revolution: Powering the future - dqindia.com / AMAT, AVGO Expand AI Supply Chain Push With New Packaging Technology Partnership - Stocktwits / SK Hynix Scouts US Wafer Sites as Chipflation Threatens Device Prices Worldwide - Tech Times",16,13,0,10,10,4,2,55,already_in_pool,pending,3a987fce52c372d3; f6af3e2720eb7f99; f090f7460e2b9cbc; b8649a1a9ee6e521; 49b64666f9770683; 3d208508370ff065; 385434534174305a; 6de66a1704dc380f; 0b1a278b7166da01; 41f75797397c2220; 50a29b08e50314cd; 8441ecf07c8eab35,,277.44,5.3223,2026-08-17T01:30:00+00:00,日内较强，注意追高；原池状态提示过热/高估值
2026-08-17,688268.SS,华特气体,A股,online_pool,HBM memory and context storage; Physical AI and robotics; Semiconductor equipment and manufacturing; Semiconductor materials and consumables,上游,,Semiconductor and AI revolution: Powering the future - dqindia.com / SK Hynix Scouts US Wafer Sites as Chipflation Threatens Device Prices Worldwide - Tech Times / Ceramic Crucible Covers Market to Reach 135 Index by 2035 on Semiconductor Fab Expansion - IndexBox,16,13,0,10,10,4,2,55,already_in_pool,pending,3a987fce52c372d3; f090f7460e2b9cbc; b8649a1a9ee6e521; 3d208508370ff065; 385434534174305a; 6de66a1704dc380f; 0b1a278b7166da01; 41f75797397c2220; 8441ecf07c8eab35; 5751a31a33fdc51b; c15fb2b80582fc5b; a0b58602fd6e0ce4,,162.67,4.9484,2026-08-17T01:30:00+00:00,日内较强，注意追高；原池状态提示过热/高估值
2026-08-17,688498.SS,源杰科技,A股,online_pool,CPO and optical interconnect; Rack-scale AI factory,上游,,"CPO, the new frontrunner in AI infrastructure, kicks into high gear. Which related companies in the optical component s… / AI data center optical interconnect market to hit $144 billion by 2030, an over ten-fold increase from 2024 figures, ac… / Nvidia Is Looking to Own Another Layer of the AI Ecosystem - 24/7 Wall St.",16,13,0,10,10,4,2,55,already_in_pool,pending,a6bf522f27308172; b47271334842b99d; c29f738ca5b1a15c; 1cf102554cc9a24e; 2a48d741a05b1832; e5108bbb6f87e5da; fd325582770a4baa; 88e0381f47fc05ef; 39dbe85c37ba7705; 1151cdef78236b5e; 917a1b7c5fc3fcaf; 0c83038179a2ea3c,,1595.01,5.004,2026-08-17T01:30:00+00:00,日内较强，注意追高；原池状态提示过热/高估值
2026-08-17,600206.SS,有研新材,A股,online_pool,AI PCB and advanced packaging; CPO and optical interconnect; HBM memory and context storage; Physical AI and robotics,上游,,"Semiconductor and AI revolution: Powering the future - dqindia.com / AMAT, AVGO Expand AI Supply Chain Push With New Packaging Technology Partnership - Stocktwits / SK Hynix Scouts US Wafer Sites as Chipflation Threatens Device Prices Worldwide - Tech Times",16,13,0,10,10,3,2,54,already_in_pool,pending,3a987fce52c372d3; f6af3e2720eb7f99; f090f7460e2b9cbc; b8649a1a9ee6e521; 49b64666f9770683; 3d208508370ff065; 385434534174305a; 6de66a1704dc380f; 0b1a278b7166da01; 41f75797397c2220; 50a29b08e50314cd; cc1ce18e59f33db4,,55.86,10.0039,2026-08-17T01:30:00+00:00,日内过热，优先观察不追；原池状态提示过热/高估值
2026-08-17,VECO,Veeco Instruments,美股,online_pool,Semiconductor equipment and manufacturing; Semiconductor materials and consumables,上游,VECO,SK Hynix Scouts US Wafer Sites as Chipflation Threatens Device Prices Worldwide - Tech Times,12,13,0,10,2,8,5,50,already_in_pool,pending,f090f7460e2b9cbc,,53.48,2.0611,2026-08-17T13:30:00+00:00,日内位置温和
2026-08-17,SNOW,Snowflake,美股,online_pool,AI inference serving and networking,下游,SNOW,AI Cost Optimization: How to Reduce LLM and Inference Costs in Production - snowflake.com,12,13,0,8,2,8,5,48,already_in_pool,pending,640a108a351bc453,,328.635,-0.0866,2026-08-17T13:30:00+00:00,日内位置温和
2026-08-17,KLAC,KLA,美股,not_in_pool,CPO and optical interconnect; Semiconductor equipment and manufacturing; Semiconductor materials and consumables,上游,KLAC,SK Hynix Scouts US Wafer Sites as Chipflation Threatens Device Prices Worldwide - Tech Times / Sivers Semiconductors and SemiNex target AI data centers with $3.4M InP program - eeNews Europe / Sivers Semiconductors Announces $3.4M Program With SemiNex for Next-Generation InP Light Sources Used to Power AI Data…,16,8,0,10,6,5,3,48,reject,pending,f090f7460e2b9cbc; 49b64666f9770683; 50a29b08e50314cd,,,,,不在当前股票池，需人工核实业务纯度；无线上行情，按中性处理
2026-08-17,SU.PA,Schneider Electric,欧洲,not_in_pool,AI data center power and cooling,中游,SU.PA,Schneider Electric: The Energy Impact of the AI & Cloud Era - Data Centre Magazine,12,8,0,9,2,5,3,39,reject,pending,598e81a5eb0e58b5,,,,,不在当前股票池，需人工核实业务纯度；无线上行情，按中性处理
